ID	a1	a2	a3	a4	a5	main-class	main-class-proba	class-1-proba	class-2-proba	class-3-proba	class-4-proba	class-5-proba	class-6-proba	class-7-proba	class-8-proba
0	113	28	male	a	a	7	0.999	0.0	0.0	0.0	0.0	0.0	0.0	0.999	0.0
1	101	28	male	b	b	8	0.999	0.0	0.0	0.0	0.0	0.0	0.0	0.0	0.999
2	110	69	male	c	a	2	1.0	0.0	1.0	0.0	0.0	0.0	0.0	0.0	0.0
3	121	57	male	d	a	2	0.999	0.0	0.999	0.0	0.0	0.0	0.0	0.0	0.0
4	82	18	male	e	c	5	0.992	0.008	0.0	0.0	0.0	0.992	0.0	0.0	0.0
5	85	28	male	e	c	1	0.999	0.999	0.0	0.0	0.0	0.0	0.0	0.0	0.0
6	98	43	male	f	c	1	0.999	0.999	0.0	0.0	0.0	0.0	0.0	0.0	0.0
7	92	33	male	e	c	1	0.999	0.999	0.0	0.0	0.0	0.0	0.0	0.0	0.0
8	90	18	male	b	b	5	0.976	0.0	0.0	0.0	0.0	0.976	0.0	0.0	0.024
9	88	28	male	e	c	1	0.999	0.999	0.0	0.0	0.0	0.0	0.0	0.0	0.0
10	84	18	male	e	c	5	0.991	0.009	0.0	0.0	0.0	0.991	0.0	0.0	0.0
11	114	18	male	g	a	6	0.999	0.0	0.0	0.0	0.0	0.0	0.999	0.0	0.0
12	70	57	male	e	c	1	0.999	0.999	0.0	0.0	0.0	0.0	0.0	0.0	0.0
13	109	40	male	c	a	3	0.958	0.0	0.0	0.958	0.042	0.0	0.0	0.0	0.0
14	83	43	male	e	c	1	0.999	0.999	0.0	0.0	0.0	0.0	0.0	0.0	0.0
15	108	69	male	e	c	1	0.999	0.999	0.0	0.0	0.0	0.0	0.0	0.0	0.0
16	95	43	male	a	a	3	0.99	0.0	0.004	0.99	0.006	0.0	0.0	0.0	0.0
17	90	28	male	e	c	1	0.999	0.999	0.0	0.0	0.0	0.0	0.0	0.0	0.0
18	107	28	male	c	a	7	0.999	0.0	0.0	0.0	0.0	0.0	0.0	0.999	0.0
19	86	18	male	b	b	5	0.975	0.0	0.0	0.0	0.0	0.975	0.0	0.0	0.025
20	70	43	male	f	c	1	0.999	0.999	0.0	0.0	0.0	0.0	0.0	0.0	0.0
21	117	42	male	c	a	3	0.995	0.0	0.001	0.995	0.003	0.0	0.0	0.0	0.0
22	112	43	male	c	a	3	0.995	0.0	0.003	0.995	0.001	0.0	0.0	0.0	0.0
23	106	42	male	g	a	3	0.999	0.0	0.001	0.999	0.0	0.0	0.0	0.0	0.0
24	125	28	male	g	a	7	0.999	0.0	0.0	0.0	0.0	0.0	0.0	0.999	0.0
25	123	46	male	c	a	3	0.92	0.0	0.08	0.92	0.0	0.0	0.0	0.0	0.0
26	100	35	male	e	c	1	0.999	0.999	0.0	0.0	0.0	0.0	0.0	0.0	0.0
27	90	27	male	a	a	7	0.999	0.0	0.0	0.0	0.0	0.0	0.0	0.999	0.0
28	70	51	male	e	c	1	0.999	0.999	0.0	0.0	0.0	0.0	0.0	0.0	0.0
29	90	46	male	a	a	3	0.901	0.0	0.098	0.901	0.0	0.0	0.0	0.0	0.0
30	123	43	male	a	a	3	0.996	0.0	0.003	0.996	0.0	0.0	0.0	0.0	0.0
31	127	43	male	c	a	3	0.994	0.0	0.005	0.994	0.0	0.0	0.0	0.0	0.0
32	124	62	male	c	a	2	1.0	0.0	1.0	0.0	0.0	0.0	0.0	0.0	0.0
33	110	27	male	h	c	1	0.998	0.998	0.0	0.0	0.0	0.0	0.0	0.002	0.0
34	94	43	male	c	a	3	0.985	0.0	0.005	0.985	0.01	0.0	0.0	0.0	0.0
35	112	40	male	c	a	3	0.966	0.0	0.0	0.966	0.034	0.0	0.0	0.0	0.0
36	123	35	male	c	a	3	0.846	0.0	0.0	0.846	0.154	0.0	0.0	0.0	0.0
37	70	18	male	a	a	6	0.999	0.0	0.0	0.0	0.0	0.0	0.999	0.0	0.0
38	102	43	male	e	c	1	0.999	0.999	0.0	0.0	0.0	0.0	0.0	0.0	0.0
39	126	27	male	g	a	7	0.999	0.0	0.0	0.0	0.0	0.0	0.0	0.999	0.0
40	121	40	male	c	a	3	0.98	0.0	0.0	0.98	0.02	0.0	0.0	0.0	0.0
41	100	43	male	f	c	1	0.999	0.999	0.0	0.0	0.0	0.0	0.0	0.0	0.0
42	85	31	male	f	c	1	0.999	0.999	0.0	0.0	0.0	0.0	0.0	0.0	0.0
43	86	31	male	e	c	1	0.999	0.999	0.0	0.0	0.0	0.0	0.0	0.0	0.0
44	101	28	male	f	c	1	0.999	0.999	0.0	0.0	0.0	0.0	0.0	0.0	0.0
45	91	40	male	d	a	4	0.579	0.0	0.0	0.421	0.579	0.0	0.0	0.0	0.0
46	113	43	male	c	a	3	0.995	0.0	0.003	0.995	0.001	0.0	0.0	0.0	0.0
47	103	33	male	e	c	1	0.999	0.999	0.0	0.0	0.0	0.0	0.0	0.0	0.0
48	117	18	male	i	a	6	0.999	0.0	0.0	0.0	0.0	0.0	0.999	0.0	0.0
49	72	43	male	f	c	1	0.999	0.999	0.0	0.0	0.0	0.0	0.0	0.0	0.0
50	70	18	male	b	b	5	0.973	0.0	0.0	0.0	0.0	0.973	0.0	0.0	0.027
51	112	18	male	a	a	6	0.999	0.0	0.0	0.0	0.0	0.0	0.999	0.0	0.0
52	65	18	male	b	b	5	0.972	0.0	0.0	0.0	0.0	0.972	0.0	0.0	0.028
53	97	35	male	d	a	4	0.847	0.0	0.0	0.153	0.847	0.0	0.0	0.0	0.0
54	100	43	male	e	c	1	0.999	0.999	0.0	0.0	0.0	0.0	0.0	0.0	0.0
55	99	18	male	e	c	5	0.984	0.015	0.0	0.0	0.0	0.984	0.0	0.0	0.0
56	91	28	male	f	c	1	0.999	0.999	0.0	0.0	0.0	0.0	0.0	0.0	0.0
57	94	43	male	f	c	1	0.999	0.999	0.0	0.0	0.0	0.0	0.0	0.0	0.0
58	104	36	male	d	a	4	0.693	0.0	0.0	0.307	0.693	0.0	0.0	0.0	0.0
59	104	43	male	d	a	3	0.985	0.0	0.004	0.985	0.011	0.0	0.0	0.0	0.0
60	123	35	female	i	a	4	0.884	0.0	0.0	0.116	0.884	0.0	0.0	0.0	0.0
61	103	43	female	d	a	3	0.962	0.0	0.004	0.962	0.034	0.0	0.0	0.0	0.0
62	109	43	female	e	c	1	0.999	0.999	0.0	0.0	0.0	0.0	0.0	0.0	0.0
63	99	61	female	d	a	2	1.0	0.0	1.0	0.0	0.0	0.0	0.0	0.0	0.0
64	100	47	female	g	a	3	0.841	0.0	0.159	0.841	0.0	0.0	0.0	0.0	0.0
65	100	62	female	d	a	2	1.0	0.0	1.0	0.0	0.0	0.0	0.0	0.0	0.0
66	107	40	female	c	a	3	0.869	0.0	0.0	0.869	0.131	0.0	0.0	0.0	0.0
67	70	18	female	b	b	5	0.985	0.0	0.0	0.0	0.0	0.985	0.0	0.0	0.014
68	91	30	female	d	a	7	0.998	0.0	0.0	0.0	0.001	0.0	0.0	0.998	0.0
69	117	43	female	c	a	3	0.993	0.0	0.004	0.993	0.003	0.0	0.0	0.0	0.0
70	115	57	female	c	a	2	0.999	0.0	0.999	0.0	0.0	0.0	0.0	0.0	0.0
71	93	43	female	d	a	3	0.885	0.0	0.006	0.885	0.109	0.0	0.0	0.0	0.0
72	103	30	female	c	a	7	0.987	0.0	0.0	0.012	0.001	0.0	0.0	0.987	0.0
73	99	57	female	d	a	2	0.999	0.0	0.999	0.0	0.0	0.0	0.0	0.0	0.0
74	115	36	female	a	a	3	0.672	0.0	0.0	0.672	0.328	0.0	0.0	0.0	0.0
75	104	38	female	c	a	3	0.547	0.0	0.0	0.547	0.453	0.0	0.0	0.0	0.0
76	116	47	female	d	a	3	0.799	0.0	0.201	0.799	0.0	0.0	0.0	0.0	0.0
77	94	51	female	a	a	2	0.942	0.0	0.942	0.058	0.0	0.0	0.0	0.0	0.0
78	114	43	female	g	a	3	0.997	0.0	0.003	0.997	0.0	0.0	0.0	0.0	0.0
79	113	18	female	d	a	6	0.999	0.0	0.0	0.0	0.0	0.0	0.999	0.0	0.0
80	119	57	female	c	a	2	0.999	0.0	0.999	0.0	0.0	0.0	0.0	0.0	0.0
81	114	48	female	c	a	3	0.623	0.0	0.377	0.623	0.0	0.0	0.0	0.0	0.0
82	108	27	female	c	a	7	0.999	0.0	0.0	0.0	0.0	0.0	0.0	0.999	0.0
83	97	46	female	a	a	3	0.926	0.0	0.073	0.926	0.0	0.0	0.0	0.0	0.0
84	83	28	female	b	b	8	0.999	0.0	0.0	0.0	0.0	0.0	0.0	0.0	0.999
85	103	43	female	d	a	3	0.962	0.0	0.004	0.962	0.034	0.0	0.0	0.0	0.0
86	104	64	female	d	a	2	1.0	0.0	1.0	0.0	0.0	0.0	0.0	0.0	0.0
87	97	18	female	d	a	6	0.999	0.0	0.0	0.0	0.0	0.0	0.999	0.0	0.0
88	109	69	female	d	a	2	1.0	0.0	1.0	0.0	0.0	0.0	0.0	0.0	0.0
89	90	33	female	d	a	4	0.942	0.0	0.0	0.033	0.942	0.0	0.0	0.024	0.0
90	114	28	female	e	c	1	0.998	0.998	0.0	0.0	0.0	0.0	0.0	0.002	0.0
91	99	38	female	d	a	4	0.842	0.0	0.0	0.158	0.842	0.0	0.0	0.0	0.0
92	94	35	female	c	a	4	0.867	0.0	0.0	0.133	0.867	0.0	0.0	0.0	0.0
93	86	28	female	d	a	7	0.999	0.0	0.0	0.0	0.0	0.0	0.0	0.999	0.0
94	93	35	female	c	a	4	0.883	0.0	0.0	0.117	0.883	0.0	0.0	0.0	0.0
95	91	28	female	e	c	1	0.999	0.999	0.0	0.0	0.0	0.0	0.0	0.0	0.0
96	109	40	female	i	a	4	0.648	0.0	0.0	0.351	0.648	0.0	0.0	0.0	0.0
97	91	28	female	d	a	7	0.999	0.0	0.0	0.0	0.0	0.0	0.0	0.999	0.0
98	106	28	female	e	c	1	0.998	0.998	0.0	0.0	0.0	0.0	0.0	0.002	0.0
99	109	43	female	c	a	3	0.991	0.0	0.004	0.991	0.005	0.0	0.0	0.0	0.0
100	111	51	female	d	a	2	0.939	0.0	0.939	0.061	0.0	0.0	0.0	0.0	0.0
101	86	40	female	e	c	1	0.999	0.999	0.0	0.0	0.0	0.0	0.0	0.0	0.0
102	107	18	female	a	a	6	0.999	0.0	0.0	0.0	0.0	0.0	0.999	0.0	0.0
103	103	28	female	b	b	8	0.997	0.0	0.0	0.0	0.0	0.0	0.0	0.003	0.997
104	100	18	female	a	a	6	0.999	0.0	0.0	0.0	0.0	0.0	0.999	0.0	0.0
105	101	38	female	d	a	4	0.809	0.0	0.0	0.191	0.809	0.0	0.0	0.0	0.0
106	97	36	female	f	c	1	0.999	0.999	0.0	0.0	0.0	0.0	0.0	0.0	0.0
107	105	46	female	e	c	1	0.999	0.999	0.0	0.0	0.0	0.0	0.0	0.0	0.0
108	98	37	female	f	c	1	0.999	0.999	0.0	0.0	0.0	0.0	0.0	0.0	0.0
109	111	18	female	d	a	6	0.999	0.0	0.0	0.0	0.0	0.0	0.999	0.0	0.0
110	88	57	female	a	a	2	0.999	0.0	0.999	0.0	0.0	0.0	0.0	0.0	0.0
111	123	28	female	d	a	7	0.999	0.0	0.0	0.0	0.0	0.0	0.0	0.999	0.0
112	98	33	female	d	a	4	0.867	0.0	0.0	0.098	0.867	0.0	0.0	0.035	0.0
113	94	43	female	e	c	1	0.999	0.999	0.0	0.0	0.0	0.0	0.0	0.0	0.0
114	109	28	female	d	a	7	0.999	0.0	0.0	0.0	0.0	0.0	0.0	0.999	0.0
115	70	18	female	b	b	5	0.985	0.0	0.0	0.0	0.0	0.985	0.0	0.0	0.014
116	75	33	female	f	c	1	0.999	0.999	0.0	0.0	0.0	0.0	0.0	0.0	0.0
117	72	18	female	c	a	6	0.999	0.0	0.0	0.0	0.0	0.0	0.999	0.0	0.0
118	70	18	female	f	c	5	0.998	0.001	0.0	0.0	0.0	0.998	0.0	0.0	0.0
119	70	18	female	b	b	5	0.985	0.0	0.0	0.0	0.0	0.985	0.0	0.0	0.014
120	70	18	female	b	b	5	0.985	0.0	0.0	0.0	0.0	0.985	0.0	0.0	0.014
121	70	18	female	b	b	5	0.985	0.0	0.0	0.0	0.0	0.985	0.0	0.0	0.014
122	85	18	female	b	b	5	0.987	0.0	0.0	0.0	0.0	0.987	0.0	0.0	0.013
123	108	28	female	e	c	1	0.998	0.998	0.0	0.0	0.0	0.0	0.0	0.002	0.0
124	75	28	female	f	c	1	0.999	0.999	0.0	0.0	0.0	0.0	0.0	0.0	0.0
125	103	38	female	d	a	4	0.773	0.0	0.0	0.227	0.773	0.0	0.0	0.0	0.0
126	122	38	female	g	a	3	0.989	0.0	0.0	0.989	0.011	0.0	0.0	0.0	0.0
127	110	40	female	c	a	3	0.895	0.0	0.0	0.895	0.105	0.0	0.0	0.0	0.0
128	107	40	male	c	a	3	0.95	0.0	0.0	0.95	0.05	0.0	0.0	0.0	0.0
129	104	75	male	g	a	2	1.0	0.0	1.0	0.0	0.0	0.0	0.0	0.0	0.0
130	70	58	male	d	a	2	0.997	0.0	0.997	0.0	0.0	0.0	0.0	0.0	0.002
131	103	43	male	b	b	8	0.999	0.0	0.0	0.0	0.0	0.0	0.0	0.0	0.999
132	95	43	male	c	a	3	0.987	0.0	0.005	0.987	0.008	0.0	0.0	0.0	0.0
133	126	61	male	f	c	1	0.999	0.999	0.0	0.0	0.0	0.0	0.0	0.0	0.0
134	118	71	male	c	a	2	1.0	0.0	1.0	0.0	0.0	0.0	0.0	0.0	0.0
135	115	27	male	c	a	7	0.999	0.0	0.0	0.0	0.0	0.0	0.0	0.999	0.0
136	89	43	male	f	c	1	0.999	0.999	0.0	0.0	0.0	0.0	0.0	0.0	0.0
137	113	61	male	g	a	2	1.0	0.0	1.0	0.0	0.0	0.0	0.0	0.0	0.0
138	85	37	male	c	a	4	0.877	0.0	0.0	0.122	0.877	0.0	0.0	0.0	0.0
139	95	43	male	c	a	3	0.987	0.0	0.005	0.987	0.008	0.0	0.0	0.0	0.0
140	109	57	male	g	a	2	0.999	0.0	0.999	0.0	0.0	0.0	0.0	0.0	0.0
141	111	69	male	c	a	2	1.0	0.0	1.0	0.0	0.0	0.0	0.0	0.0	0.0
142	116	75	male	c	a	2	1.0	0.0	1.0	0.0	0.0	0.0	0.0	0.0	0.0
143	90	43	male	h	c	1	0.999	0.999	0.0	0.0	0.0	0.0	0.0	0.0	0.0
144	90	28	male	f	c	1	0.999	0.999	0.0	0.0	0.0	0.0	0.0	0.0	0.0
145	82	31	male	b	b	8	0.999	0.0	0.0	0.0	0.0	0.0	0.0	0.0	0.999
146	117	28	male	h	c	1	0.996	0.996	0.0	0.0	0.0	0.0	0.0	0.004	0.0
147	71	40	male	h	c	1	0.999	0.999	0.0	0.0	0.0	0.0	0.0	0.0	0.0
148	104	69	male	j	a	2	0.999	0.0	0.999	0.0	0.0	0.0	0.0	0.0	0.0
149	86	18	male	f	c	5	0.994	0.006	0.0	0.0	0.0	0.994	0.0	0.0	0.0
150	79	46	male	e	c	1	0.999	0.999	0.0	0.0	0.0	0.0	0.0	0.0	0.0
151	80	65	male	e	c	1	0.999	0.999	0.0	0.0	0.0	0.0	0.0	0.0	0.0
152	99	18	male	c	a	6	0.999	0.0	0.0	0.0	0.0	0.0	0.999	0.0	0.0
153	86	61	male	f	c	1	0.999	0.999	0.0	0.0	0.0	0.0	0.0	0.0	0.0
154	116	18	male	g	a	6	0.999	0.0	0.0	0.0	0.0	0.0	0.999	0.0	0.0
155	124	65	male	c	a	2	1.0	0.0	1.0	0.0	0.0	0.0	0.0	0.0	0.0
156	98	28	male	b	b	8	0.999	0.0	0.0	0.0	0.0	0.0	0.0	0.0	0.999
157	101	35	male	d	a	4	0.773	0.0	0.0	0.227	0.773	0.0	0.0	0.0	0.0
158	87	43	male	b	b	8	0.999	0.0	0.0	0.0	0.0	0.0	0.0	0.0	0.999
159	97	40	male	g	a	3	0.993	0.0	0.0	0.993	0.007	0.0	0.0	0.0	0.0
160	120	43	male	g	a	3	0.997	0.0	0.003	0.997	0.0	0.0	0.0	0.0	0.0
161	103	43	male	c	a	3	0.993	0.0	0.004	0.993	0.003	0.0	0.0	0.0	0.0
162	107	40	male	c	a	3	0.95	0.0	0.0	0.95	0.05	0.0	0.0	0.0	0.0
163	105	57	male	i	a	2	0.999	0.0	0.999	0.0	0.0	0.0	0.0	0.0	0.0
164	99	37	male	c	c	1	0.793	0.793	0.0	0.096	0.11	0.0	0.0	0.0	0.0
165	103	28	male	c	c	1	0.611	0.611	0.0	0.0	0.0	0.0	0.0	0.389	0.0
166	101	28	male	a	a	7	0.999	0.0	0.0	0.0	0.0	0.0	0.0	0.999	0.0
167	102	18	female	d	a	6	0.999	0.0	0.0	0.0	0.0	0.0	0.999	0.0	0.0
168	105	18	female	c	c	6	0.916	0.001	0.0	0.0	0.0	0.082	0.916	0.0	0.0
169	70	18	female	f	c	5	0.998	0.001	0.0	0.0	0.0	0.998	0.0	0.0	0.0
170	101	43	female	g	a	3	0.996	0.0	0.003	0.996	0.0	0.0	0.0	0.0	0.0
171	90	42	female	c	c	1	0.893	0.893	0.0	0.085	0.021	0.0	0.0	0.0	0.0
172	85	43	female	c	a	3	0.873	0.0	0.009	0.873	0.117	0.0	0.0	0.0	0.0
173	104	18	female	c	a	6	0.999	0.0	0.0	0.0	0.0	0.0	0.999	0.0	0.0
174	87	18	female	c	c	6	0.754	0.002	0.0	0.0	0.0	0.244	0.754	0.0	0.0
175	85	37	female	c	a	4	0.954	0.0	0.0	0.046	0.954	0.0	0.0	0.0	0.0
176	102	42	female	e	c	1	0.999	0.999	0.0	0.0	0.0	0.0	0.0	0.0	0.0
177	94	37	female	d	a	4	0.943	0.0	0.0	0.057	0.943	0.0	0.0	0.0	0.0
178	93	37	female	c	a	4	0.838	0.0	0.0	0.162	0.838	0.0	0.0	0.0	0.0
179	99	37	female	g	a	3	0.905	0.0	0.0	0.905	0.095	0.0	0.0	0.0	0.0
180	103	38	female	c	a	3	0.522	0.0	0.0	0.522	0.478	0.0	0.0	0.0	0.0
181	89	18	female	d	a	6	0.999	0.0	0.0	0.0	0.0	0.0	0.999	0.0	0.0
182	92	37	female	e	c	1	0.999	0.999	0.0	0.0	0.0	0.0	0.0	0.0	0.0
183	109	43	female	c	a	3	0.991	0.0	0.004	0.991	0.005	0.0	0.0	0.0	0.0
184	91	18	female	d	a	6	0.999	0.0	0.0	0.0	0.0	0.0	0.999	0.0	0.0
185	109	58	female	c	a	2	0.999	0.0	0.999	0.0	0.0	0.0	0.0	0.0	0.0
186	105	57	female	a	a	2	0.999	0.0	0.999	0.0	0.0	0.0	0.0	0.0	0.0
187	105	18	female	c	a	6	0.999	0.0	0.0	0.0	0.0	0.0	0.999	0.0	0.0
188	90	69	female	d	a	2	0.999	0.0	0.999	0.0	0.0	0.0	0.0	0.0	0.0
189	99	69	female	g	a	2	1.0	0.0	1.0	0.0	0.0	0.0	0.0	0.0	0.0
190	110	37	female	c	a	3	0.564	0.0	0.0	0.564	0.436	0.0	0.0	0.0	0.0
191	88	37	female	c	a	4	0.922	0.0	0.0	0.078	0.922	0.0	0.0	0.0	0.0
192	101	66	female	c	a	2	1.0	0.0	1.0	0.0	0.0	0.0	0.0	0.0	0.0
193	91	18	female	f	c	5	0.996	0.003	0.0	0.0	0.0	0.996	0.0	0.0	0.0
194	78	18	female	c	a	6	0.999	0.0	0.0	0.0	0.0	0.0	0.999	0.0	0.0
195	118	65	female	g	a	2	1.0	0.0	1.0	0.0	0.0	0.0	0.0	0.0	0.0
196	100	28	female	b	b	8	0.998	0.0	0.0	0.0	0.0	0.0	0.0	0.002	0.998
197	100	18	female	e	c	5	0.991	0.007	0.0	0.0	0.0	0.991	0.002	0.0	0.0
198	85	57	female	c	a	2	0.999	0.0	0.999	0.0	0.0	0.0	0.0	0.0	0.0
199	106	61	female	g	a	2	1.0	0.0	1.0	0.0	0.0	0.0	0.0	0.0	0.0
200	97	18	female	f	c	5	0.995	0.004	0.0	0.0	0.0	0.995	0.001	0.0	0.0
201	92	18	female	f	c	5	0.996	0.003	0.0	0.0	0.0	0.996	0.0	0.0	0.0
202	102	38	female	b	b	8	0.999	0.0	0.0	0.0	0.0	0.0	0.0	0.0	0.999
203	86	18	female	f	c	5	0.997	0.003	0.0	0.0	0.0	0.997	0.0	0.0	0.0
204	78	46	female	c	a	3	0.65	0.006	0.335	0.65	0.006	0.0	0.0	0.0	0.002
205	100	18	female	f	c	5	0.994	0.005	0.0	0.0	0.0	0.994	0.002	0.0	0.0
206	104	61	male	c	a	2	0.999	0.0	0.999	0.0	0.0	0.0	0.0	0.0	0.0
207	70	31	male	d	a	7	0.939	0.0	0.0	0.0	0.057	0.0	0.0	0.939	0.003
208	107	75	male	c	a	2	1.0	0.0	1.0	0.0	0.0	0.0	0.0	0.0	0.0
209	114	37	male	c	a	3	0.833	0.0	0.0	0.833	0.167	0.0	0.0	0.0	0.0
210	103	31	male	f	c	1	0.999	0.999	0.0	0.0	0.0	0.0	0.0	0.0	0.0
211	115	37	male	d	a	3	0.589	0.0	0.0	0.589	0.411	0.0	0.0	0.0	0.0
212	106	57	male	c	a	2	0.999	0.0	0.999	0.0	0.0	0.0	0.0	0.0	0.0
213	114	61	male	c	a	2	1.0	0.0	1.0	0.0	0.0	0.0	0.0	0.0	0.0
214	90	58	male	c	a	2	0.999	0.0	0.999	0.0	0.0	0.0	0.0	0.0	0.0
215	103	37	male	c	a	3	0.664	0.0	0.0	0.664	0.336	0.0	0.0	0.0	0.0
216	92	58	male	a	a	2	0.999	0.0	0.999	0.0	0.0	0.0	0.0	0.0	0.0
217	113	37	male	g	a	3	0.99	0.0	0.0	0.99	0.01	0.0	0.0	0.0	0.0
218	92	37	male	d	a	4	0.886	0.0	0.0	0.114	0.886	0.0	0.0	0.0	0.0
219	108	37	male	g	a	3	0.986	0.0	0.0	0.986	0.014	0.0	0.0	0.0	0.0
220	96	18	male	a	a	6	0.999	0.0	0.0	0.0	0.0	0.0	0.999	0.0	0.0
221	70	18	male	a	a	6	0.999	0.0	0.0	0.0	0.0	0.0	0.999	0.0	0.0
222	112	75	male	c	a	2	1.0	0.0	1.0	0.0	0.0	0.0	0.0	0.0	0.0
223	106	28	male	c	a	7	0.999	0.0	0.0	0.0	0.0	0.0	0.0	0.999	0.0
224	91	37	male	c	a	4	0.709	0.0	0.0	0.291	0.709	0.0	0.0	0.0	0.0
225	96	18	male	e	c	5	0.986	0.013	0.0	0.0	0.0	0.986	0.0	0.0	0.0
226	70	18	male	b	b	5	0.973	0.0	0.0	0.0	0.0	0.973	0.0	0.0	0.027
227	109	57	male	c	a	2	0.999	0.0	0.999	0.0	0.0	0.0	0.0	0.0	0.0
228	74	37	male	e	c	1	0.999	0.999	0.0	0.0	0.0	0.0	0.0	0.0	0.0
229	99	43	male	a	a	3	0.993	0.0	0.003	0.993	0.003	0.0	0.0	0.0	0.0
230	107	37	male	c	a	3	0.744	0.0	0.0	0.744	0.256	0.0	0.0	0.0	0.0
231	90	37	male	d	a	4	0.914	0.0	0.0	0.085	0.914	0.0	0.0	0.0	0.0
232	78	31	male	e	c	1	0.999	0.999	0.0	0.0	0.0	0.0	0.0	0.0	0.0
233	70	37	male	b	b	8	0.999	0.0	0.0	0.0	0.0	0.0	0.0	0.0	0.999
234	88	58	male	f	c	1	0.999	0.999	0.0	0.0	0.0	0.0	0.0	0.0	0.0
235	93	18	male	e	c	5	0.987	0.012	0.0	0.0	0.0	0.987	0.0	0.0	0.0
236	88	43	male	f	c	1	0.999	0.999	0.0	0.0	0.0	0.0	0.0	0.0	0.0
237	108	58	male	c	a	2	0.999	0.0	0.999	0.0	0.0	0.0	0.0	0.0	0.0
238	101	57	male	g	a	2	0.999	0.0	0.999	0.0	0.0	0.0	0.0	0.0	0.0
239	98	28	male	f	c	1	0.999	0.999	0.0	0.0	0.0	0.0	0.0	0.0	0.0
240	103	35	male	c	a	3	0.575	0.0	0.0	0.575	0.425	0.0	0.0	0.0	0.0
241	73	37	male	c	a	4	0.992	0.0	0.0	0.007	0.992	0.0	0.0	0.0	0.0
242	102	37	male	e	c	1	0.999	0.999	0.0	0.0	0.0	0.0	0.0	0.0	0.0
243	93	37	male	f	c	1	0.999	0.999	0.0	0.0	0.0	0.0	0.0	0.0	0.0
244	93	18	male	f	c	5	0.992	0.008	0.0	0.0	0.0	0.992	0.0	0.0	0.0
245	101	61	male	c	a	2	0.999	0.0	0.999	0.0	0.0	0.0	0.0	0.0	0.0
246	100	37	male	h	c	1	0.999	0.999	0.0	0.0	0.0	0.0	0.0	0.0	0.0
247	70	31	male	b	b	8	1.0	0.0	0.0	0.0	0.0	0.0	0.0	0.0	1.0
248	102	18	male	f	c	5	0.988	0.011	0.0	0.0	0.0	0.988	0.0	0.0	0.0
249	113	28	male	e	c	1	0.999	0.999	0.0	0.0	0.0	0.0	0.0	0.0	0.0
250	91	37	male	d	a	4	0.901	0.0	0.0	0.099	0.901	0.0	0.0	0.0	0.0
251	109	37	male	d	a	4	0.518	0.0	0.0	0.482	0.518	0.0	0.0	0.0	0.0
252	80	58	male	b	b	8	0.999	0.0	0.0	0.0	0.0	0.0	0.0	0.0	0.999
253	118	18	male	c	c	6	0.924	0.004	0.0	0.0	0.0	0.072	0.924	0.0	0.0
254	70	58	male	b	b	8	1.0	0.0	0.0	0.0	0.0	0.0	0.0	0.0	1.0
255	88	37	male	e	c	1	0.999	0.999	0.0	0.0	0.0	0.0	0.0	0.0	0.0
256	72	37	male	e	c	1	0.999	0.999	0.0	0.0	0.0	0.0	0.0	0.0	0.0
257	81	58	male	c	a	2	0.999	0.0	0.999	0.0	0.0	0.0	0.0	0.0	0.0
258	70	37	male	f	c	1	0.999	0.999	0.0	0.0	0.0	0.0	0.0	0.0	0.0
259	97	18	male	f	c	5	0.99	0.009	0.0	0.0	0.0	0.99	0.0	0.0	0.0
260	87	40	male	c	a	3	0.574	0.0	0.0	0.574	0.425	0.0	0.0	0.0	0.0
261	99	18	male	e	c	5	0.984	0.015	0.0	0.0	0.0	0.984	0.0	0.0	0.0
262	81	18	male	b	b	5	0.975	0.0	0.0	0.0	0.0	0.975	0.0	0.0	0.025
263	84	18	male	e	c	5	0.991	0.009	0.0	0.0	0.0	0.991	0.0	0.0	0.0
264	90	58	male	f	c	1	0.999	0.999	0.0	0.0	0.0	0.0	0.0	0.0	0.0
265	95	37	male	c	a	4	0.572	0.0	0.0	0.428	0.572	0.0	0.0	0.0	0.0
266	84	61	male	f	c	1	0.999	0.999	0.0	0.0	0.0	0.0	0.0	0.0	0.0
267	104	40	male	h	c	1	0.999	0.999	0.0	0.0	0.0	0.0	0.0	0.0	0.0
268	105	31	male	f	c	1	0.999	0.999	0.0	0.0	0.0	0.0	0.0	0.0	0.0
269	107	58	male	a	a	2	0.999	0.0	0.999	0.0	0.0	0.0	0.0	0.0	0.0
270	84	40	male	f	c	1	0.999	0.999	0.0	0.0	0.0	0.0	0.0	0.0	0.0
271	70	18	male	h	c	5	0.985	0.015	0.0	0.0	0.0	0.985	0.0	0.0	0.0
272	99	37	male	g	a	3	0.965	0.0	0.0	0.965	0.035	0.0	0.0	0.0	0.0
273	87	18	male	c	a	6	0.999	0.0	0.0	0.0	0.0	0.0	0.999	0.0	0.0
274	81	18	male	b	b	5	0.975	0.0	0.0	0.0	0.0	0.975	0.0	0.0	0.025
275	103	43	male	c	a	3	0.993	0.0	0.004	0.993	0.003	0.0	0.0	0.0	0.0
276	114	37	male	c	a	3	0.833	0.0	0.0	0.833	0.167	0.0	0.0	0.0	0.0
277	101	35	male	c	a	3	0.521	0.0	0.0	0.521	0.478	0.0	0.0	0.0	0.0
278	70	58	male	b	b	8	1.0	0.0	0.0	0.0	0.0	0.0	0.0	0.0	1.0
279	78	58	male	c	c	1	0.957	0.957	0.042	0.0	0.0	0.0	0.0	0.0	0.001
280	70	37	male	b	b	8	0.999	0.0	0.0	0.0	0.0	0.0	0.0	0.0	0.999
281	70	58	male	e	c	1	0.999	0.999	0.0	0.0	0.0	0.0	0.0	0.0	0.0
282	104	37	male	c	a	3	0.687	0.0	0.0	0.687	0.313	0.0	0.0	0.0	0.0
283	86	18	male	b	b	5	0.975	0.0	0.0	0.0	0.0	0.975	0.0	0.0	0.025
284	99	35	male	e	c	1	0.999	0.999	0.0	0.0	0.0	0.0	0.0	0.0	0.0
285	98	58	male	e	c	1	0.999	0.999	0.0	0.0	0.0	0.0	0.0	0.0	0.0
286	118	18	male	e	c	5	0.97	0.027	0.0	0.0	0.0	0.97	0.003	0.0	0.0
287	102	18	male	a	a	6	0.999	0.0	0.0	0.0	0.0	0.0	0.999	0.0	0.0
288	106	37	male	e	c	1	0.999	0.999	0.0	0.0	0.0	0.0	0.0	0.0	0.0
289	108	35	male	e	c	1	0.999	0.999	0.0	0.0	0.0	0.0	0.0	0.0	0.0
290	110	37	male	h	c	1	0.999	0.999	0.0	0.0	0.0	0.0	0.0	0.0	0.0
291	110	37	male	e	c	1	0.999	0.999	0.0	0.0	0.0	0.0	0.0	0.0	0.0
292	89	28	male	h	c	1	0.999	0.999	0.0	0.0	0.0	0.0	0.0	0.001	0.0
293	83	18	male	e	c	5	0.991	0.008	0.0	0.0	0.0	0.991	0.0	0.0	0.0
294	96	37	male	d	a	4	0.812	0.0	0.0	0.188	0.812	0.0	0.0	0.0	0.0
295	113	65	male	g	a	2	1.0	0.0	1.0	0.0	0.0	0.0	0.0	0.0	0.0
296	95	37	male	c	a	4	0.572	0.0	0.0	0.428	0.572	0.0	0.0	0.0	0.0
297	108	38	male	e	c	1	0.999	0.999	0.0	0.0	0.0	0.0	0.0	0.0	0.0
298	96	28	male	d	a	7	0.999	0.0	0.0	0.0	0.0	0.0	0.0	0.999	0.0
299	79	61	male	i	a	2	0.999	0.0	0.999	0.0	0.0	0.0	0.0	0.0	0.001
300	99	37	female	d	a	4	0.895	0.0	0.0	0.105	0.895	0.0	0.0	0.0	0.0
301	107	37	female	g	a	3	0.956	0.0	0.0	0.956	0.044	0.0	0.0	0.0	0.0
302	94	37	female	f	c	1	0.999	0.999	0.0	0.0	0.0	0.0	0.0	0.0	0.0
303	88	37	female	d	a	4	0.978	0.0	0.0	0.022	0.978	0.0	0.0	0.0	0.0
304	82	57	female	d	a	2	0.999	0.0	0.999	0.0	0.0	0.0	0.0	0.0	0.0
305	100	57	female	c	a	2	0.999	0.0	0.999	0.0	0.0	0.0	0.0	0.0	0.0
306	102	40	female	c	a	3	0.802	0.0	0.0	0.802	0.198	0.0	0.0	0.0	0.0
307	111	58	female	c	a	2	0.999	0.0	0.999	0.0	0.0	0.0	0.0	0.0	0.0
308	111	57	female	c	a	2	0.999	0.0	0.999	0.0	0.0	0.0	0.0	0.0	0.0
309	94	58	female	b	b	8	0.999	0.0	0.0	0.0	0.0	0.0	0.0	0.0	0.999
310	94	18	female	c	a	6	0.999	0.0	0.0	0.0	0.0	0.0	0.999	0.0	0.0
311	93	18	female	e	c	5	0.993	0.006	0.0	0.0	0.0	0.993	0.001	0.0	0.0
312	90	58	female	c	a	2	0.999	0.0	0.999	0.0	0.0	0.0	0.0	0.0	0.0
313	84	18	female	d	a	6	0.999	0.0	0.0	0.0	0.0	0.0	0.999	0.0	0.0
314	100	27	female	e	c	1	0.999	0.999	0.0	0.0	0.0	0.0	0.0	0.0	0.0
315	106	51	female	c	a	2	0.932	0.0	0.932	0.068	0.0	0.0	0.0	0.0	0.0
316	114	57	female	j	a	2	0.999	0.0	0.999	0.0	0.0	0.0	0.0	0.0	0.0
317	115	43	female	c	a	3	0.993	0.0	0.004	0.993	0.003	0.0	0.0	0.0	0.0
318	108	58	female	c	a	2	0.999	0.0	0.999	0.0	0.0	0.0	0.0	0.0	0.0
319	117	51	female	g	a	2	0.919	0.0	0.919	0.081	0.0	0.0	0.0	0.0	0.0
320	110	28	female	d	a	7	0.999	0.0	0.0	0.0	0.0	0.0	0.0	0.999	0.0
321	93	43	female	c	a	3	0.962	0.0	0.006	0.962	0.032	0.0	0.0	0.0	0.0
322	117	37	female	g	a	3	0.978	0.0	0.0	0.978	0.022	0.0	0.0	0.0	0.0
323	102	40	female	c	a	3	0.802	0.0	0.0	0.802	0.198	0.0	0.0	0.0	0.0
324	84	18	female	c	a	6	0.999	0.0	0.0	0.0	0.0	0.0	0.999	0.0	0.0
325	94	28	female	a	a	7	0.999	0.0	0.0	0.0	0.0	0.0	0.0	0.999	0.0
326	81	37	female	c	a	4	0.98	0.0	0.0	0.02	0.98	0.0	0.0	0.0	0.0
327	101	18	female	d	a	6	0.999	0.0	0.0	0.0	0.0	0.0	0.999	0.0	0.0
328	91	37	female	c	a	4	0.876	0.0	0.0	0.124	0.876	0.0	0.0	0.0	0.0
329	93	38	female	c	a	4	0.764	0.0	0.0	0.236	0.764	0.0	0.0	0.0	0.0
330	116	18	female	c	a	6	0.999	0.0	0.0	0.0	0.0	0.0	0.999	0.0	0.0
331	90	57	female	c	a	2	0.999	0.0	0.999	0.0	0.0	0.0	0.0	0.0	0.0
332	115	35	female	c	a	3	0.557	0.0	0.0	0.557	0.443	0.0	0.0	0.0	0.0
333	89	18	female	b	b	5	0.987	0.0	0.0	0.0	0.0	0.987	0.0	0.0	0.013
334	108	37	female	g	a	3	0.96	0.0	0.0	0.96	0.04	0.0	0.0	0.0	0.0
335	100	18	female	c	a	6	0.999	0.0	0.0	0.0	0.0	0.0	0.999	0.0	0.0
336	86	37	female	e	c	1	0.999	0.999	0.0	0.0	0.0	0.0	0.0	0.0	0.0
337	84	37	female	d	a	4	0.99	0.0	0.0	0.01	0.99	0.0	0.0	0.0	0.0
338	90	37	female	e	c	1	0.999	0.999	0.0	0.0	0.0	0.0	0.0	0.0	0.0
339	103	28	female	g	a	7	0.999	0.0	0.0	0.0	0.0	0.0	0.0	0.999	0.0
340	100	57	female	c	a	2	0.999	0.0	0.999	0.0	0.0	0.0	0.0	0.0	0.0
341	102	43	female	c	a	3	0.986	0.0	0.004	0.986	0.01	0.0	0.0	0.0	0.0
342	82	35	female	d	a	4	0.995	0.0	0.0	0.005	0.995	0.0	0.0	0.0	0.0
343	83	37	female	d	a	4	0.991	0.0	0.0	0.009	0.991	0.0	0.0	0.0	0.0
344	113	37	female	c	a	3	0.617	0.0	0.0	0.617	0.383	0.0	0.0	0.0	0.0
345	117	57	female	g	a	2	0.999	0.0	0.999	0.0	0.0	0.0	0.0	0.0	0.0
346	111	18	female	c	a	6	0.999	0.0	0.0	0.0	0.0	0.0	0.999	0.0	0.0
347	100	37	female	c	a	4	0.671	0.0	0.0	0.329	0.671	0.0	0.0	0.0	0.0
348	91	58	female	g	a	2	0.999	0.0	0.999	0.0	0.0	0.0	0.0	0.0	0.0
349	97	58	female	c	a	2	0.999	0.0	0.999	0.0	0.0	0.0	0.0	0.0	0.0
350	109	43	female	j	a	3	0.993	0.0	0.007	0.993	0.0	0.0	0.0	0.0	0.0
351	100	37	female	a	a	4	0.578	0.0	0.0	0.422	0.578	0.0	0.0	0.0	0.0
352	98	37	female	d	a	4	0.906	0.0	0.0	0.094	0.906	0.0	0.0	0.0	0.0
353	85	35	female	i	a	4	0.998	0.0	0.0	0.002	0.998	0.0	0.0	0.0	0.0
354	91	18	female	b	b	5	0.987	0.0	0.0	0.0	0.0	0.987	0.0	0.0	0.013
355	85	31	female	d	a	7	0.935	0.0	0.0	0.004	0.061	0.0	0.0	0.935	0.0
356	81	37	female	c	a	4	0.98	0.0	0.0	0.02	0.98	0.0	0.0	0.0	0.0
357	87	37	female	c	a	4	0.934	0.0	0.0	0.066	0.934	0.0	0.0	0.0	0.0
358	95	37	female	g	a	3	0.849	0.0	0.0	0.849	0.151	0.0	0.0	0.0	0.0
359	102	37	female	a	a	4	0.522	0.0	0.0	0.478	0.522	0.0	0.0	0.0	0.0
360	94	38	female	b	b	8	0.999	0.0	0.0	0.0	0.0	0.0	0.0	0.0	0.999
361	89	37	female	i	a	4	0.993	0.0	0.0	0.007	0.993	0.0	0.0	0.0	0.0
362	112	37	female	f	c	1	0.999	0.999	0.0	0.0	0.0	0.0	0.0	0.0	0.0
363	118	37	female	c	a	3	0.686	0.0	0.0	0.686	0.314	0.0	0.0	0.0	0.0
364	70	37	female	i	a	4	0.999	0.0	0.0	0.0	0.999	0.0	0.0	0.0	0.0
365	103	37	female	g	a	3	0.937	0.0	0.0	0.937	0.063	0.0	0.0	0.0	0.0
366	90	37	female	c	a	4	0.893	0.0	0.0	0.107	0.893	0.0	0.0	0.0	0.0
367	97	37	female	c	a	4	0.747	0.0	0.0	0.253	0.747	0.0	0.0	0.0	0.0
368	104	37	female	h	c	1	0.999	0.999	0.0	0.0	0.0	0.0	0.0	0.0	0.0
369	91	37	female	f	c	1	0.999	0.999	0.0	0.0	0.0	0.0	0.0	0.0	0.0
370	94	37	female	e	c	1	0.999	0.999	0.0	0.0	0.0	0.0	0.0	0.0	0.0
371	107	57	female	a	a	2	0.999	0.0	0.999	0.0	0.0	0.0	0.0	0.0	0.0
372	90	37	female	a	a	4	0.848	0.0	0.0	0.151	0.848	0.0	0.0	0.0	0.0
373	70	37	female	c	a	4	0.999	0.0	0.0	0.0	0.999	0.0	0.0	0.0	0.0
374	97	37	female	e	c	1	0.999	0.999	0.0	0.0	0.0	0.0	0.0	0.0	0.0
375	104	18	female	d	a	6	0.999	0.0	0.0	0.0	0.0	0.0	0.999	0.0	0.0
376	96	28	female	d	a	7	0.999	0.0	0.0	0.0	0.0	0.0	0.0	0.999	0.0
377	81	18	female	f	c	5	0.997	0.002	0.0	0.0	0.0	0.997	0.0	0.0	0.0
378	114	28	female	c	a	7	0.999	0.0	0.0	0.0	0.0	0.0	0.0	0.999	0.0
379	106	18	female	e	c	5	0.989	0.009	0.0	0.0	0.0	0.989	0.003	0.0	0.0
380	105	18	female	c	a	6	0.999	0.0	0.0	0.0	0.0	0.0	0.999	0.0	0.0
381	92	28	female	f	c	1	0.999	0.999	0.0	0.0	0.0	0.0	0.0	0.001	0.0
382	96	38	female	c	a	4	0.679	0.0	0.0	0.321	0.679	0.0	0.0	0.0	0.0
383	84	18	female	e	c	5	0.996	0.004	0.0	0.0	0.0	0.996	0.0	0.0	0.0
384	89	18	female	f	c	5	0.996	0.003	0.0	0.0	0.0	0.996	0.0	0.0	0.0
385	111	58	female	c	a	2	0.999	0.0	0.999	0.0	0.0	0.0	0.0	0.0	0.0
386	102	18	female	e	c	5	0.99	0.008	0.0	0.0	0.0	0.99	0.002	0.0	0.0
387	99	37	female	e	c	1	0.999	0.999	0.0	0.0	0.0	0.0	0.0	0.0	0.0
388	104	37	female	a	a	3	0.53	0.0	0.0	0.53	0.47	0.0	0.0	0.0	0.0
389	70	31	female	e	c	1	0.999	0.999	0.0	0.0	0.0	0.0	0.0	0.0	0.0
390	70	35	female	e	c	1	0.999	0.999	0.0	0.0	0.0	0.0	0.0	0.0	0.0
391	90	18	female	f	c	5	0.996	0.003	0.0	0.0	0.0	0.996	0.0	0.0	0.0
392	104	18	female	c	a	6	0.999	0.0	0.0	0.0	0.0	0.0	0.999	0.0	0.0
393	102	37	female	c	a	4	0.619	0.0	0.0	0.381	0.619	0.0	0.0	0.0	0.0
394	86	37	female	c	a	4	0.945	0.0	0.0	0.055	0.945	0.0	0.0	0.0	0.0
395	73	35	female	c	a	4	0.998	0.0	0.0	0.002	0.998	0.0	0.0	0.0	0.0
396	81	37	female	d	a	4	0.994	0.0	0.0	0.005	0.994	0.0	0.0	0.0	0.0
397	93	57	female	c	a	2	0.999	0.0	0.999	0.0	0.0	0.0	0.0	0.0	0.0
398	111	37	female	i	a	4	0.912	0.0	0.0	0.088	0.912	0.0	0.0	0.0	0.0
399	104	18	female	a	a	6	0.999	0.0	0.0	0.0	0.0	0.0	0.999	0.0	0.0
400	105	28	female	d	a	7	0.999	0.0	0.0	0.0	0.0	0.0	0.0	0.999	0.0
401	73	37	female	d	a	4	0.999	0.0	0.0	0.0	0.999	0.0	0.0	0.0	0.0
402	85	28	female	c	a	7	0.999	0.0	0.0	0.0	0.0	0.0	0.0	0.999	0.0
403	107	61	female	g	a	2	1.0	0.0	1.0	0.0	0.0	0.0	0.0	0.0	0.0
404	112	62	female	g	a	2	1.0	0.0	1.0	0.0	0.0	0.0	0.0	0.0	0.0
405	127	40	male	g	a	3	0.999	0.0	0.0	0.999	0.0	0.0	0.0	0.0	0.0
406	114	66	male	d	a	2	1.0	0.0	1.0	0.0	0.0	0.0	0.0	0.0	0.0
407	114	71	male	c	a	2	1.0	0.0	1.0	0.0	0.0	0.0	0.0	0.0	0.0
408	109	18	male	f	c	5	0.985	0.014	0.0	0.0	0.0	0.985	0.001	0.0	0.0
409	93	51	male	c	a	2	0.951	0.0	0.951	0.049	0.0	0.0	0.0	0.0	0.0
410	114	40	female	c	a	3	0.919	0.0	0.0	0.919	0.081	0.0	0.0	0.0	0.0
411	100	31	female	c	a	7	0.872	0.0	0.0	0.09	0.038	0.0	0.0	0.872	0.0
412	92	18	female	a	a	6	0.999	0.0	0.0	0.0	0.0	0.0	0.999	0.0	0.0
413	110	61	female	c	a	2	1.0	0.0	1.0	0.0	0.0	0.0	0.0	0.0	0.0
414	93	37	female	e	c	1	0.999	0.999	0.0	0.0	0.0	0.0	0.0	0.0	0.0
415	96	43	female	f	c	1	0.999	0.999	0.0	0.0	0.0	0.0	0.0	0.0	0.0
416	114	75	male	g	a	2	1.0	0.0	1.0	0.0	0.0	0.0	0.0	0.0	0.0
417	127	40	male	g	a	3	0.999	0.0	0.0	0.999	0.0	0.0	0.0	0.0	0.0
418	106	75	male	c	a	2	1.0	0.0	1.0	0.0	0.0	0.0	0.0	0.0	0.0
419	110	53	male	c	a	2	0.99	0.0	0.99	0.01	0.0	0.0	0.0	0.0	0.0
420	92	38	male	h	c	1	0.999	0.999	0.0	0.0	0.0	0.0	0.0	0.0	0.0
421	125	71	male	g	a	2	1.0	0.0	1.0	0.0	0.0	0.0	0.0	0.0	0.0
422	108	71	male	c	a	2	1.0	0.0	1.0	0.0	0.0	0.0	0.0	0.0	0.0
423	112	18	female	c	a	6	0.999	0.0	0.0	0.0	0.0	0.0	0.999	0.0	0.0
424	93	69	female	c	a	2	1.0	0.0	1.0	0.0	0.0	0.0	0.0	0.0	0.0
425	114	75	female	c	a	2	1.0	0.0	1.0	0.0	0.0	0.0	0.0	0.0	0.0
426	104	18	female	c	a	6	0.999	0.0	0.0	0.0	0.0	0.0	0.999	0.0	0.0
427	92	75	female	c	a	2	0.999	0.0	0.999	0.0	0.0	0.0	0.0	0.0	0.0
428	104	43	female	d	a	3	0.965	0.0	0.004	0.965	0.03	0.0	0.0	0.0	0.0
429	109	71	female	c	a	2	1.0	0.0	1.0	0.0	0.0	0.0	0.0	0.0	0.0
430	109	40	female	g	a	3	0.994	0.0	0.0	0.994	0.006	0.0	0.0	0.0	0.0
431	104	18	female	d	a	6	0.999	0.0	0.0	0.0	0.0	0.0	0.999	0.0	0.0
432	123	36	male	h	c	1	0.999	0.999	0.0	0.0	0.0	0.0	0.0	0.0	0.0
433	125	31	male	g	a	7	0.801	0.0	0.0	0.199	0.0	0.0	0.0	0.801	0.0
434	127	37	male	g	a	3	0.995	0.0	0.0	0.995	0.005	0.0	0.0	0.0	0.0
435	129	43	male	g	a	3	0.996	0.0	0.004	0.996	0.0	0.0	0.0	0.0	0.0
436	119	69	male	j	a	2	1.0	0.0	1.0	0.0	0.0	0.0	0.0	0.0	0.0
437	125	71	male	e	c	1	0.999	0.999	0.0	0.0	0.0	0.0	0.0	0.0	0.0
438	121	37	male	c	a	3	0.88	0.0	0.0	0.88	0.12	0.0	0.0	0.0	0.0
439	124	36	male	c	a	3	0.862	0.0	0.0	0.862	0.138	0.0	0.0	0.0	0.0
440	125	18	male	c	a	6	0.999	0.0	0.0	0.0	0.0	0.0	0.999	0.0	0.0
441	129	18	male	d	a	6	0.999	0.0	0.0	0.0	0.0	0.0	0.999	0.0	0.0
442	122	62	male	c	a	2	1.0	0.0	1.0	0.0	0.0	0.0	0.0	0.0	0.0
443	121	37	male	j	a	3	0.988	0.0	0.0	0.988	0.012	0.0	0.0	0.0	0.0
444	122	40	male	c	a	3	0.98	0.0	0.0	0.98	0.019	0.0	0.0	0.0	0.0
445	126	51	male	e	c	1	0.999	0.999	0.0	0.0	0.0	0.0	0.0	0.0	0.0
446	122	35	male	g	a	3	0.991	0.0	0.0	0.991	0.009	0.0	0.0	0.0	0.0
447	123	65	male	c	a	2	1.0	0.0	1.0	0.0	0.0	0.0	0.0	0.0	0.0
448	119	71	male	g	a	2	1.0	0.0	1.0	0.0	0.0	0.0	0.0	0.0	0.0
449	120	40	female	g	a	3	0.997	0.0	0.0	0.997	0.003	0.0	0.0	0.0	0.0
450	127	35	female	f	c	1	0.999	0.999	0.0	0.0	0.0	0.0	0.0	0.0	0.0
451	127	62	female	c	a	2	1.0	0.0	1.0	0.0	0.0	0.0	0.0	0.0	0.0
452	120	61	female	c	a	2	1.0	0.0	1.0	0.0	0.0	0.0	0.0	0.0	0.0
453	127	58	female	c	a	2	0.999	0.0	0.999	0.0	0.0	0.0	0.0	0.0	0.0
454	123	37	female	c	a	3	0.735	0.0	0.0	0.735	0.265	0.0	0.0	0.0	0.0
455	120	37	female	g	a	3	0.981	0.0	0.0	0.981	0.019	0.0	0.0	0.0	0.0
456	123	37	female	c	a	3	0.735	0.0	0.0	0.735	0.265	0.0	0.0	0.0	0.0
457	122	18	female	e	c	5	0.979	0.014	0.0	0.0	0.0	0.979	0.007	0.0	0.0
458	119	37	female	g	a	3	0.981	0.0	0.0	0.981	0.019	0.0	0.0	0.0	0.0
459	134	62	male	j	a	2	1.0	0.0	1.0	0.0	0.0	0.0	0.0	0.0	0.0
460	136	61	male	g	a	2	1.0	0.0	1.0	0.0	0.0	0.0	0.0	0.0	0.0
461	135	61	male	g	a	2	1.0	0.0	1.0	0.0	0.0	0.0	0.0	0.0	0.0
462	140	71	male	g	a	2	1.0	0.0	1.0	0.0	0.0	0.0	0.0	0.0	0.0
463	131	30	male	c	a	7	0.985	0.0	0.0	0.015	0.0	0.0	0.0	0.985	0.0
464	137	62	male	g	a	2	1.0	0.0	1.0	0.0	0.0	0.0	0.0	0.0	0.0
465	136	18	male	g	a	6	0.999	0.0	0.0	0.0	0.0	0.0	0.999	0.0	0.0
466	132	37	male	g	a	3	0.996	0.0	0.0	0.996	0.004	0.0	0.0	0.0	0.0
467	135	62	female	g	a	2	1.0	0.0	1.0	0.0	0.0	0.0	0.0	0.0	0.0
