ID	a2	a3	a8	a14	a15	a1	a4	a5	a6	a7	a9	a10	a11	a12	a13	main-class	main-class-proba	class-1-proba	class-2-proba	class-3-proba	class-4-proba	class-5-proba	class-6-proba	class-7-proba	class-8-proba	class-9-proba
0	30.83	0.0	1.25	202	0	b	u	g	w	v	t	t	1	f	g	2	0.854	0.146	0.854	0.0	0.0	0.0	0.0	0.0	0.0	0.0
1	58.67	4.46	3.04	43	560	a	u	g	q	h	t	t	6	f	g	6	0.999	0.0	0.0	0.0	0.0	0.0	0.999	0.0	0.0	0.0
2	24.5	0.5	1.5	280	824	a	u	g	q	h	t	f	0	f	g	3	0.999	0.0	0.0	0.999	0.0	0.0	0.001	0.0	0.0	0.0
3	27.83	1.54	3.75	100	3	b	u	g	w	v	t	t	5	t	g	2	0.963	0.0	0.963	0.0	0.0	0.0	0.037	0.0	0.0	0.0
4	20.17	5.625	1.71	120	0	b	u	g	w	v	t	f	0	f	s	1	0.999	0.999	0.0	0.0	0.0	0.0	0.0	0.0	0.0	0.0
5	32.08	4.0	2.5	360	0	b	u	g	m	v	t	f	0	t	g	1	0.999	0.999	0.0	0.0	0.0	0.0	0.0	0.0	0.0	0.0
6	33.17	1.04	6.5	164	31285	b	u	g	r	h	t	f	0	t	g	6	0.864	0.0	0.0	0.136	0.0	0.0	0.864	0.0	0.0	0.0
7	22.92	11.585	0.04	80	1349	a	u	g	cc	v	t	f	0	f	g	3	0.999	0.0	0.0	0.999	0.0	0.0	0.0	0.0	0.0	0.0
8	54.42	0.5	3.96	180	314	b	y	p	k	h	t	f	0	f	g	3	0.999	0.0	0.0	0.999	0.0	0.0	0.0	0.0	0.0	0.0
9	42.5	4.915	3.165	52	1442	b	y	p	w	v	t	f	0	t	g	3	0.999	0.0	0.0	0.999	0.0	0.0	0.0	0.0	0.0	0.0
10	22.08	0.83	2.165	128	0	b	u	g	c	h	f	f	0	t	g	1	0.996	0.996	0.0	0.004	0.0	0.0	0.0	0.0	0.0	0.0
11	29.92	1.835	4.335	260	200	b	u	g	c	h	t	f	0	f	g	3	0.911	0.0	0.0	0.911	0.0	0.0	0.089	0.0	0.0	0.0
12	38.25	6.0	1.0	0	0	a	u	g	k	v	t	f	0	t	g	8	0.999	0.0	0.0	0.0	0.001	0.0	0.0	0.0	0.999	0.0
13	48.08	6.04	0.04	0	2690	b	u	g	k	v	f	f	0	f	g	4	1.0	0.0	0.0	0.0	1.0	0.0	0.0	0.0	0.0	0.0
14	45.83	10.5	5.0	0	0	a	u	g	q	v	t	t	7	t	g	8	0.889	0.0	0.0	0.0	0.111	0.0	0.0	0.0	0.889	0.0
15	36.67	4.415	0.25	320	0	b	y	p	k	v	t	t	10	t	g	9	0.997	0.0	0.0	0.0	0.0	0.003	0.0	0.0	0.0	0.997
16	28.25	0.875	0.96	396	0	b	u	g	m	v	t	t	3	t	g	1	0.881	0.881	0.119	0.0	0.0	0.0	0.0	0.0	0.0	0.0
17	23.25	5.875	3.17	120	245	a	u	g	q	v	t	t	10	f	g	2	0.998	0.0	0.998	0.0	0.0	0.0	0.002	0.0	0.0	0.0
18	21.83	0.25	0.665	0	0	b	u	g	d	h	t	f	0	t	g	8	0.999	0.0	0.0	0.0	0.0	0.0	0.0	0.0	0.999	0.0
19	19.17	8.585	0.75	96	0	a	u	g	cc	h	t	t	7	f	g	2	0.996	0.002	0.996	0.0	0.0	0.0	0.002	0.0	0.0	0.0
20	25.0	11.25	2.5	200	1208	b	u	g	c	v	t	t	17	f	g	2	0.996	0.0	0.996	0.0	0.0	0.0	0.004	0.0	0.0	0.0
21	23.25	1.0	0.835	300	0	b	u	g	c	v	t	f	0	f	s	1	0.999	0.999	0.0	0.0	0.0	0.0	0.0	0.0	0.0	0.0
22	47.75	8.0	7.875	0	1260	a	u	g	c	v	t	t	6	t	g	4	1.0	0.0	0.0	0.0	1.0	0.0	0.0	0.0	0.0	0.0
23	27.42	14.5	3.085	120	11	a	u	g	x	h	t	t	1	f	g	2	0.933	0.0	0.933	0.0	0.0	0.0	0.067	0.0	0.0	0.0
24	41.17	6.5	0.5	145	0	a	u	g	q	v	t	t	3	t	g	1	0.753	0.753	0.246	0.0	0.0	0.0	0.0	0.0	0.0	0.0
25	15.83	0.585	1.5	100	0	a	u	g	c	h	t	t	2	f	g	2	0.934	0.066	0.934	0.0	0.0	0.0	0.0	0.0	0.0	0.0
26	47.0	13.0	5.165	0	0	a	u	g	i	bb	t	t	9	t	g	8	0.955	0.0	0.0	0.0	0.045	0.0	0.0	0.0	0.955	0.0
27	56.58	18.5	15.0	0	0	b	u	g	d	bb	t	t	17	t	g	8	0.999	0.0	0.0	0.0	0.0	0.0	0.0	0.0	0.999	0.0
28	57.42	8.5	7.0	0	0	b	u	g	e	h	t	t	3	f	g	8	0.985	0.0	0.0	0.0	0.015	0.0	0.0	0.0	0.985	0.0
29	42.08	1.04	5.0	500	10000	b	u	g	w	v	t	t	6	t	g	6	0.987	0.0	0.013	0.0	0.0	0.0	0.987	0.0	0.0	0.0
30	29.25	14.79	5.04	168	0	b	u	g	aa	v	t	t	5	t	g	1	0.68	0.68	0.318	0.0	0.0	0.0	0.003	0.0	0.0	0.0
31	42.0	9.79	7.96	0	0	b	u	g	x	h	t	t	8	f	g	4	0.966	0.0	0.0	0.0	0.966	0.0	0.0	0.0	0.034	0.0
32	49.5	7.585	7.585	0	5000	b	u	g	i	bb	t	t	15	t	g	4	1.0	0.0	0.0	0.0	1.0	0.0	0.0	0.0	0.0	0.0
33	36.75	5.125	5.0	0	4000	a	u	g	e	v	t	f	0	t	g	4	1.0	0.0	0.0	0.0	1.0	0.0	0.0	0.0	0.0	0.0
34	22.58	10.75	0.415	0	560	a	u	g	q	v	t	t	5	t	g	4	1.0	0.0	0.0	0.0	1.0	0.0	0.0	0.0	0.0	0.0
35	27.83	1.5	2.0	434	35	b	u	g	w	v	t	t	11	t	g	2	0.968	0.0	0.968	0.0	0.0	0.0	0.032	0.0	0.0	0.0
36	27.25	1.585	1.835	583	713	b	u	g	cc	h	t	t	12	t	g	6	0.855	0.0	0.145	0.0	0.0	0.0	0.855	0.0	0.0	0.0
37	23.0	11.75	0.5	300	551	a	u	g	x	h	t	t	2	t	g	2	0.999	0.0	0.999	0.0	0.0	0.0	0.0	0.0	0.0	0.0
38	27.75	0.585	0.25	260	500	b	y	p	cc	v	t	t	2	f	g	9	0.999	0.0	0.0	0.0	0.0	0.0	0.0	0.0	0.0	0.999
39	54.58	9.415	14.415	30	300	b	u	g	ff	ff	t	t	11	t	g	6	1.0	0.0	0.0	0.0	0.0	0.0	1.0	0.0	0.0	0.0
40	34.17	9.17	4.5	0	221	b	u	g	c	v	t	t	12	t	g	4	1.0	0.0	0.0	0.0	1.0	0.0	0.0	0.0	0.0	0.0
41	28.92	15.0	5.335	0	2283	b	u	g	c	h	t	t	11	f	g	4	1.0	0.0	0.0	0.0	1.0	0.0	0.0	0.0	0.0	0.0
42	29.67	1.415	0.75	240	100	b	u	g	w	h	t	t	1	f	g	2	0.998	0.0	0.998	0.0	0.0	0.0	0.002	0.0	0.0	0.0
43	39.58	13.915	8.625	70	0	b	u	g	w	v	t	t	6	t	g	6	0.988	0.0	0.012	0.0	0.0	0.0	0.988	0.0	0.0	0.0
44	56.42	28.0	28.5	0	15	b	y	p	c	v	t	t	40	f	g	4	1.0	0.0	0.0	0.0	1.0	0.0	0.0	0.0	0.0	0.0
45	54.33	6.75	2.625	0	284	b	u	g	c	h	t	t	11	t	g	4	1.0	0.0	0.0	0.0	1.0	0.0	0.0	0.0	0.0	0.0
46	41.0	2.04	0.125	455	1236	a	y	p	q	h	t	t	23	t	g	9	1.0	0.0	0.0	0.0	0.0	0.0	0.0	0.0	0.0	1.0
47	31.92	4.46	6.04	311	300	b	u	g	cc	h	t	t	3	f	g	6	0.981	0.0	0.019	0.0	0.0	0.0	0.981	0.0	0.0	0.0
48	41.5	1.54	3.5	216	0	b	u	g	i	bb	f	f	0	f	g	1	0.997	0.997	0.0	0.003	0.0	0.0	0.0	0.0	0.0	0.0
49	23.92	0.665	0.165	100	0	b	u	g	c	v	f	f	0	f	g	1	0.99	0.99	0.0	0.01	0.0	0.0	0.0	0.0	0.0	0.0
50	25.75	0.5	0.875	491	0	a	u	g	c	h	t	f	0	t	g	1	0.999	0.999	0.0	0.001	0.0	0.0	0.0	0.0	0.0	0.0
51	26.0	1.0	1.75	280	0	b	u	g	q	v	t	f	0	t	g	1	0.999	0.999	0.0	0.0	0.0	0.0	0.0	0.0	0.0	0.0
52	37.42	2.04	0.04	400	5800	b	u	g	w	v	t	f	0	t	g	3	1.0	0.0	0.0	1.0	0.0	0.0	0.0	0.0	0.0	0.0
53	34.92	2.5	0.0	239	200	b	u	g	w	v	t	f	0	t	g	3	0.999	0.0	0.0	0.999	0.0	0.0	0.0	0.0	0.0	0.0
54	34.25	3.0	7.415	0	0	b	u	g	cc	h	t	f	0	t	g	8	0.999	0.0	0.0	0.0	0.0	0.0	0.0	0.0	0.999	0.0
55	23.33	11.625	0.835	160	300	b	y	p	w	v	t	f	0	t	g	3	0.999	0.0	0.0	0.999	0.0	0.0	0.0	0.0	0.0	0.0
56	23.17	0.0	0.085	0	0	b	u	g	cc	v	t	f	0	f	g	8	1.0	0.0	0.0	0.0	0.0	0.0	0.0	0.0	1.0	0.0
57	44.33	0.5	5.0	320	0	b	u	g	i	h	t	f	0	t	g	1	0.999	0.999	0.0	0.0	0.0	0.0	0.0	0.0	0.0	0.0
58	35.17	4.5	5.75	711	0	b	u	g	x	h	f	f	0	t	s	1	0.999	0.999	0.0	0.0	0.0	0.0	0.0	0.0	0.0	0.0
59	43.25	3.0	6.0	80	0	b	u	g	q	h	t	t	11	f	g	6	0.982	0.0	0.017	0.0	0.0	0.0	0.982	0.0	0.0	0.0
60	56.75	12.25	1.25	200	0	b	u	g	m	v	t	t	4	t	g	1	0.937	0.937	0.023	0.0	0.0	0.0	0.04	0.0	0.0	0.0
61	31.67	16.165	3.0	250	730	b	u	g	d	v	t	t	9	f	g	6	0.985	0.0	0.015	0.0	0.0	0.0	0.985	0.0	0.0	0.0
62	23.42	0.79	1.5	80	400	a	y	p	q	v	t	t	2	t	g	9	0.999	0.0	0.0	0.0	0.0	0.0	0.0	0.0	0.0	0.999
63	20.42	0.835	1.585	0	0	a	u	g	q	v	t	t	1	f	g	8	0.982	0.0	0.0	0.0	0.018	0.0	0.0	0.0	0.982	0.0
64	26.67	4.25	4.29	120	0	b	u	g	cc	v	t	t	1	t	g	2	0.697	0.068	0.697	0.0	0.0	0.0	0.235	0.0	0.0	0.0
65	34.17	1.54	1.54	520	50000	b	u	g	cc	v	t	t	1	t	g	2	0.581	0.0	0.581	0.0	0.0	0.0	0.419	0.0	0.0	0.0
66	36.0	1.0	2.0	0	456	a	u	g	c	v	t	t	11	f	g	4	1.0	0.0	0.0	0.0	1.0	0.0	0.0	0.0	0.0	0.0
67	25.5	0.375	0.25	260	15108	b	u	g	m	v	t	t	3	f	g	2	0.999	0.0	0.999	0.0	0.0	0.0	0.0	0.0	0.0	0.0
68	19.42	6.5	1.46	80	2954	b	u	g	w	h	t	t	7	f	g	2	0.967	0.0	0.967	0.0	0.0	0.0	0.033	0.0	0.0	0.0
69	35.17	25.125	1.625	515	500	b	u	g	x	h	t	t	1	t	g	2	0.69	0.0	0.69	0.0	0.0	0.0	0.31	0.0	0.0	0.0
70	32.33	7.5	1.585	420	0	b	u	g	e	bb	t	f	0	t	s	1	1.0	1.0	0.0	0.0	0.0	0.0	0.0	0.0	0.0	0.0
71	38.58	5.0	13.5	980	0	a	u	g	cc	v	t	f	0	t	g	1	0.987	0.987	0.0	0.0	0.0	0.0	0.013	0.0	0.0	0.0
72	44.25	0.5	10.75	400	0	b	u	g	m	v	t	f	0	f	s	1	1.0	1.0	0.0	0.0	0.0	0.0	0.0	0.0	0.0	0.0
73	44.83	7.0	1.625	160	2	b	y	p	c	v	f	f	0	f	g	5	0.525	0.0	0.0	0.475	0.0	0.525	0.0	0.0	0.0	0.0
74	20.67	5.29	0.375	160	0	b	u	g	q	v	t	t	1	f	g	2	0.941	0.059	0.941	0.0	0.0	0.0	0.0	0.0	0.0	0.0
75	34.08	6.5	0.125	443	0	b	u	g	aa	v	t	f	0	t	g	1	0.999	0.999	0.0	0.0	0.0	0.0	0.0	0.0	0.0	0.0
76	19.17	0.585	0.585	160	0	a	y	p	aa	v	t	f	0	t	g	5	0.998	0.0	0.0	0.002	0.0	0.998	0.0	0.0	0.0	0.0
77	21.67	1.165	2.5	180	20	b	y	p	k	v	t	t	1	f	g	9	1.0	0.0	0.0	0.0	0.0	0.0	0.0	0.0	0.0	1.0
78	21.5	9.75	0.25	140	0	b	u	g	c	v	t	f	0	f	g	1	0.996	0.996	0.0	0.004	0.0	0.0	0.0	0.0	0.0	0.0
79	49.58	19.0	0.0	94	0	b	u	g	ff	ff	t	t	1	f	g	7	1.0	0.0	0.0	0.0	0.0	0.0	0.0	1.0	0.0	0.0
80	27.67	1.5	2.0	368	0	a	u	g	m	v	t	f	0	f	s	1	1.0	1.0	0.0	0.0	0.0	0.0	0.0	0.0	0.0	0.0
81	39.83	0.5	0.25	288	0	b	u	g	m	v	t	f	0	f	s	1	1.0	1.0	0.0	0.0	0.0	0.0	0.0	0.0	0.0	0.0
82	27.25	0.625	0.455	200	0	b	u	g	aa	v	t	f	0	t	g	1	0.998	0.998	0.0	0.002	0.0	0.0	0.0	0.0	0.0	0.0
83	37.17	4.0	5.0	280	0	b	u	g	c	bb	t	f	0	t	s	1	1.0	1.0	0.0	0.0	0.0	0.0	0.0	0.0	0.0	0.0
84	25.67	2.21	4.0	188	0	b	y	p	aa	v	t	f	0	f	g	5	0.999	0.0	0.0	0.001	0.0	0.999	0.0	0.0	0.0	0.0
85	34.0	4.5	1.0	240	0	b	u	g	aa	v	t	f	0	t	g	1	0.999	0.999	0.0	0.0	0.0	0.0	0.0	0.0	0.0	0.0
86	49.0	1.5	0.0	100	27	a	u	g	j	j	t	f	0	t	g	7	1.0	0.0	0.0	0.0	0.0	0.0	0.0	1.0	0.0	0.0
87	62.5	12.75	5.0	112	0	b	y	p	c	h	t	f	0	f	g	5	0.999	0.0	0.0	0.001	0.0	0.999	0.0	0.0	0.0	0.0
88	31.42	15.5	0.5	120	0	b	u	g	c	v	t	f	0	f	g	1	0.998	0.998	0.0	0.002	0.0	0.0	0.0	0.0	0.0	0.0
89	52.33	1.375	9.46	200	100	b	y	p	c	h	t	f	0	t	g	3	0.999	0.0	0.0	0.999	0.0	0.0	0.0	0.0	0.0	0.0
90	28.75	1.5	1.5	0	225	b	y	p	c	v	t	f	0	t	g	4	1.0	0.0	0.0	0.0	1.0	0.0	0.0	0.0	0.0	0.0
91	28.58	3.54	0.5	171	0	a	u	g	i	bb	t	f	0	t	g	1	0.998	0.998	0.0	0.002	0.0	0.0	0.0	0.0	0.0	0.0
92	23.0	0.625	0.125	180	1	b	y	p	aa	v	t	f	0	f	g	5	0.991	0.0	0.0	0.009	0.0	0.991	0.0	0.0	0.0	0.0
93	22.5	11.0	3.0	268	0	a	y	p	q	v	t	f	0	t	g	5	0.997	0.0	0.0	0.003	0.0	0.997	0.0	0.0	0.0	0.0
94	28.5	1.0	1.0	167	500	a	u	g	q	v	t	t	2	t	g	2	0.999	0.0	0.999	0.0	0.0	0.0	0.0	0.0	0.0	0.0
95	37.5	1.75	0.25	164	400	b	y	p	c	bb	t	f	0	t	g	3	0.999	0.0	0.0	0.999	0.0	0.0	0.0	0.0	0.0	0.0
96	35.25	16.5	4.0	80	0	b	y	p	c	v	t	f	0	f	g	5	0.999	0.0	0.0	0.001	0.0	0.999	0.0	0.0	0.0	0.0
97	18.67	5.0	0.375	0	38	b	u	g	q	v	t	t	2	f	g	4	1.0	0.0	0.0	0.0	1.0	0.0	0.0	0.0	0.0	0.0
98	25.0	12.0	2.25	120	5	b	u	g	k	v	t	t	2	t	g	2	0.945	0.0	0.945	0.0	0.0	0.0	0.055	0.0	0.0	0.0
99	27.83	4.0	5.75	75	0	b	y	p	i	h	t	t	2	t	g	9	0.999	0.0	0.0	0.0	0.0	0.0	0.0	0.0	0.0	0.999
100	54.83	15.5	0.0	152	130	b	u	g	e	z	t	t	20	f	g	7	1.0	0.0	0.0	0.0	0.0	0.0	0.0	1.0	0.0	0.0
101	28.75	1.165	0.5	280	0	b	u	g	k	v	t	f	0	f	s	1	0.999	0.999	0.0	0.0	0.0	0.0	0.0	0.0	0.0	0.0
102	25.0	11.0	4.5	120	0	a	y	p	aa	v	t	f	0	f	g	5	0.999	0.0	0.0	0.0	0.0	0.999	0.0	0.0	0.0	0.0
103	40.92	2.25	10.0	176	0	b	y	p	x	h	t	f	0	t	g	5	0.999	0.0	0.0	0.0	0.0	0.999	0.0	0.0	0.0	0.0
104	19.75	0.75	0.795	140	5	a	u	g	c	v	t	t	5	t	g	2	1.0	0.0	1.0	0.0	0.0	0.0	0.0	0.0	0.0	0.0
105	29.17	3.5	3.5	329	0	b	u	g	w	v	t	t	3	t	g	1	0.669	0.669	0.235	0.0	0.0	0.0	0.096	0.0	0.0	0.0
106	24.5	1.04	0.5	180	147	a	y	p	ff	ff	t	t	3	f	g	9	1.0	0.0	0.0	0.0	0.0	0.0	0.0	0.0	0.0	1.0
107	24.58	12.5	0.875	260	0	b	u	g	w	v	t	f	0	t	g	1	0.997	0.997	0.0	0.003	0.0	0.0	0.0	0.0	0.0	0.0
108	33.75	0.75	1.0	212	0	a	u	g	k	bb	t	t	3	t	g	1	0.993	0.993	0.007	0.0	0.0	0.0	0.0	0.0	0.0	0.0
109	20.67	1.25	1.375	140	210	b	y	p	c	h	t	t	3	t	g	9	0.999	0.0	0.0	0.0	0.0	0.0	0.0	0.0	0.0	0.999
110	25.42	1.125	1.29	200	0	a	u	g	q	v	t	t	2	f	g	2	0.91	0.09	0.91	0.0	0.0	0.0	0.0	0.0	0.0	0.0
111	37.75	7.0	11.5	300	5	b	u	g	q	h	t	t	7	t	g	6	0.988	0.0	0.012	0.0	0.0	0.0	0.988	0.0	0.0	0.0
112	52.5	6.5	6.29	0	11202	b	u	g	k	v	t	t	15	f	g	4	1.0	0.0	0.0	0.0	1.0	0.0	0.0	0.0	0.0	0.0
113	57.83	7.04	14.0	360	1332	b	u	g	m	v	t	t	6	t	g	6	0.999	0.0	0.0	0.0	0.0	0.0	0.999	0.0	0.0	0.0
114	20.75	10.335	0.335	80	50	a	u	g	cc	h	t	t	1	t	g	2	0.999	0.0	0.999	0.0	0.0	0.0	0.0	0.0	0.0	0.0
115	39.92	6.21	0.04	200	300	b	u	g	q	v	t	t	1	f	g	2	0.999	0.0	0.999	0.0	0.0	0.0	0.0	0.0	0.0	0.0
116	25.67	12.5	1.21	140	258	b	u	g	cc	v	t	t	67	t	g	2	0.994	0.0	0.994	0.0	0.0	0.0	0.006	0.0	0.0	0.0
117	24.75	12.5	1.5	120	567	a	u	g	aa	v	t	t	12	t	g	2	0.999	0.0	0.999	0.0	0.0	0.0	0.001	0.0	0.0	0.0
118	44.17	6.665	7.375	0	0	a	u	g	q	v	t	t	3	t	g	8	0.986	0.0	0.0	0.0	0.014	0.0	0.0	0.0	0.986	0.0
119	23.5	9.0	8.5	120	0	a	u	g	q	v	t	t	5	t	g	2	0.779	0.177	0.779	0.0	0.0	0.0	0.044	0.0	0.0	0.0
120	34.92	5.0	7.5	0	1000	b	u	g	x	h	t	t	6	t	g	4	0.999	0.0	0.0	0.0	0.999	0.0	0.0	0.0	0.0	0.0
121	47.67	2.5	2.5	410	2510	b	u	g	m	bb	t	t	12	t	g	6	0.999	0.0	0.0	0.0	0.0	0.0	0.999	0.0	0.0	0.0
122	22.75	11.0	2.5	100	809	b	u	g	q	v	t	t	7	t	g	2	0.922	0.0	0.922	0.0	0.0	0.0	0.078	0.0	0.0	0.0
123	34.42	4.25	3.25	274	610	b	u	g	i	bb	t	t	2	f	g	6	0.935	0.0	0.065	0.0	0.0	0.0	0.935	0.0	0.0	0.0
124	28.42	3.5	0.835	280	0	a	u	g	w	v	t	f	0	f	s	1	0.999	0.999	0.0	0.0	0.0	0.0	0.0	0.0	0.0	0.0
125	67.75	5.5	13.0	0	0	b	u	g	e	z	t	t	1	t	g	8	0.86	0.0	0.0	0.0	0.14	0.0	0.0	0.0	0.86	0.0
126	20.42	1.835	2.25	100	150	b	u	g	c	v	t	t	1	f	g	2	0.999	0.0	0.999	0.0	0.0	0.0	0.0	0.0	0.0	0.0
127	47.42	8.0	6.5	375	51100	a	u	g	e	bb	t	t	6	f	g	6	0.999	0.0	0.0	0.0	0.0	0.0	0.999	0.0	0.0	0.0
128	36.25	5.0	2.5	0	367	b	u	g	c	bb	t	t	6	f	g	4	1.0	0.0	0.0	0.0	1.0	0.0	0.0	0.0	0.0	0.0
129	32.67	5.5	5.5	408	1000	b	u	g	q	h	t	t	12	t	g	6	0.993	0.0	0.007	0.0	0.0	0.0	0.993	0.0	0.0	0.0
130	48.58	6.5	6.0	350	0	b	u	g	q	h	t	f	0	t	g	1	0.982	0.982	0.0	0.0	0.0	0.0	0.018	0.0	0.0	0.0
131	39.92	0.54	0.5	200	1000	b	y	p	aa	v	t	t	3	f	g	9	1.0	0.0	0.0	0.0	0.0	0.0	0.0	0.0	0.0	1.0
132	33.58	2.75	4.25	204	0	b	u	g	m	v	t	t	6	f	g	6	0.919	0.012	0.069	0.0	0.0	0.0	0.919	0.0	0.0	0.0
133	18.83	9.5	1.625	40	600	a	u	g	w	v	t	t	6	t	g	2	0.971	0.0	0.971	0.0	0.0	0.0	0.029	0.0	0.0	0.0
134	26.92	13.5	5.0	0	5000	a	u	g	q	h	t	t	2	f	g	4	1.0	0.0	0.0	0.0	1.0	0.0	0.0	0.0	0.0	0.0
135	31.25	3.75	0.625	181	0	a	u	g	cc	h	t	t	9	t	g	2	0.905	0.048	0.905	0.0	0.0	0.0	0.047	0.0	0.0	0.0
136	56.5	16.0	0.0	0	247	a	u	g	j	ff	t	t	15	f	g	7	0.995	0.0	0.0	0.0	0.005	0.0	0.0	0.995	0.0	0.0
137	43.0	0.29	1.75	100	375	b	y	p	cc	h	t	t	8	f	g	9	1.0	0.0	0.0	0.0	0.0	0.0	0.0	0.0	0.0	1.0
138	22.33	11.0	2.0	80	278	b	u	g	w	v	t	t	1	f	g	2	0.993	0.0	0.993	0.0	0.0	0.0	0.007	0.0	0.0	0.0
139	27.25	1.665	5.085	399	827	b	u	g	cc	h	t	t	9	f	g	6	0.963	0.0	0.037	0.0	0.0	0.0	0.963	0.0	0.0	0.0
140	32.83	2.5	2.75	160	2072	b	u	g	cc	h	t	t	6	f	g	6	0.987	0.0	0.013	0.0	0.0	0.0	0.987	0.0	0.0	0.0
141	23.25	1.5	2.375	0	582	b	u	g	q	v	t	t	3	t	g	4	1.0	0.0	0.0	0.0	1.0	0.0	0.0	0.0	0.0	0.0
142	40.33	7.54	8.0	0	2300	a	y	p	q	h	t	t	14	f	g	4	1.0	0.0	0.0	0.0	1.0	0.0	0.0	0.0	0.0	0.0
143	30.5	6.5	4.0	0	3065	a	u	g	c	bb	t	t	7	t	g	4	1.0	0.0	0.0	0.0	1.0	0.0	0.0	0.0	0.0	0.0
144	52.83	15.0	5.5	0	2200	a	u	g	c	v	t	t	14	f	g	4	1.0	0.0	0.0	0.0	1.0	0.0	0.0	0.0	0.0	0.0
145	46.67	0.46	0.415	440	6	a	u	g	cc	h	t	t	11	t	g	2	0.998	0.0	0.998	0.0	0.0	0.0	0.002	0.0	0.0	0.0
146	58.33	10.0	4.0	0	1602	a	u	g	q	v	t	t	14	f	g	4	1.0	0.0	0.0	0.0	1.0	0.0	0.0	0.0	0.0	0.0
147	37.33	6.5	4.25	93	0	b	u	g	m	h	t	t	12	t	g	6	0.992	0.001	0.007	0.0	0.0	0.0	0.992	0.0	0.0	0.0
148	23.08	2.5	1.085	60	2184	b	u	g	c	v	t	t	11	t	g	2	0.999	0.0	0.999	0.0	0.0	0.0	0.001	0.0	0.0	0.0
149	32.75	1.5	5.5	0	0	b	u	g	cc	h	t	t	3	t	g	8	0.999	0.0	0.0	0.0	0.0	0.0	0.0	0.0	0.999	0.0
150	21.67	11.5	0.0	0	0	a	y	p	j	j	t	t	11	t	g	7	0.998	0.0	0.0	0.0	0.0	0.0	0.0	0.998	0.002	0.0
151	28.5	3.04	2.54	70	0	a	y	p	x	h	t	t	1	f	g	9	0.999	0.0	0.0	0.0	0.0	0.0	0.0	0.0	0.0	0.999
152	68.67	15.0	0.0	0	3376	a	u	g	e	z	t	t	14	f	g	4	0.999	0.0	0.0	0.0	0.999	0.0	0.0	0.001	0.0	0.0
153	28.0	2.0	4.165	181	0	b	u	g	k	h	t	t	2	t	g	1	0.462	0.462	0.276	0.0	0.0	0.0	0.262	0.0	0.0	0.0
154	34.08	0.08	0.04	280	2000	b	y	p	m	bb	t	t	1	t	g	9	1.0	0.0	0.0	0.0	0.0	0.0	0.0	0.0	0.0	1.0
155	27.67	2.0	1.0	140	7544	b	u	g	x	h	t	t	4	f	g	2	0.993	0.0	0.993	0.0	0.0	0.0	0.007	0.0	0.0	0.0
156	44.0	2.0	1.75	0	15	b	u	g	m	v	t	t	2	t	g	4	1.0	0.0	0.0	0.0	1.0	0.0	0.0	0.0	0.0	0.0
157	25.08	1.71	1.665	395	20	b	u	g	x	v	t	t	1	t	g	2	0.996	0.0	0.996	0.0	0.0	0.0	0.004	0.0	0.0	0.0
158	32.0	1.75	0.04	393	0	b	y	p	e	h	t	f	0	t	g	5	0.999	0.0	0.0	0.0	0.0	0.999	0.0	0.0	0.0	0.0
159	60.58	16.5	11.0	21	10561	a	u	g	q	v	t	f	0	t	g	6	0.999	0.0	0.0	0.0	0.0	0.0	0.999	0.0	0.0	0.0
160	40.83	10.0	1.75	29	837	a	u	g	q	h	t	f	0	f	g	6	0.972	0.0	0.0	0.028	0.0	0.0	0.972	0.0	0.0	0.0
161	19.33	9.5	1.0	60	400	b	u	g	q	v	t	f	0	t	g	3	0.996	0.0	0.0	0.996	0.0	0.0	0.004	0.0	0.0	0.0
162	32.33	0.54	0.04	440	11177	a	u	g	cc	v	t	f	0	f	g	3	1.0	0.0	0.0	1.0	0.0	0.0	0.0	0.0	0.0	0.0
163	36.67	3.25	9.0	102	639	b	u	g	q	h	t	f	0	t	g	6	0.952	0.0	0.0	0.048	0.0	0.0	0.952	0.0	0.0	0.0
164	37.5	1.125	1.5	431	0	b	y	p	d	v	f	f	0	t	g	5	0.997	0.0	0.0	0.003	0.0	0.997	0.0	0.0	0.0	0.0
165	25.08	2.54	0.25	370	0	a	y	p	aa	v	t	f	0	t	g	5	0.998	0.0	0.0	0.002	0.0	0.998	0.0	0.0	0.0	0.0
166	41.33	0.0	15.0	0	0	b	u	g	c	bb	t	f	0	f	g	8	1.0	0.0	0.0	0.0	0.0	0.0	0.0	0.0	1.0	0.0
167	56.0	12.5	8.0	24	2028	b	u	g	k	h	t	f	0	t	g	6	0.999	0.0	0.0	0.0	0.0	0.0	0.999	0.0	0.0	0.0
168	49.83	13.585	8.5	0	0	a	u	g	k	h	t	f	0	t	g	8	0.997	0.0	0.0	0.0	0.003	0.0	0.0	0.0	0.997	0.0
169	22.67	10.5	1.335	100	0	b	u	g	q	h	t	f	0	f	g	1	0.997	0.997	0.0	0.002	0.0	0.0	0.0	0.0	0.0	0.0
170	27.0	1.5	0.375	260	1065	b	y	p	w	v	t	f	0	t	g	3	0.999	0.0	0.0	0.999	0.0	0.0	0.0	0.0	0.0	0.0
171	25.0	12.5	3.0	20	0	b	u	g	aa	v	t	f	0	t	s	1	1.0	1.0	0.0	0.0	0.0	0.0	0.0	0.0	0.0	0.0
172	26.08	8.665	1.415	160	150	a	u	g	aa	v	t	f	0	f	g	3	0.999	0.0	0.0	0.999	0.0	0.0	0.0	0.0	0.0	0.0
173	18.42	9.25	1.21	60	540	a	u	g	q	v	t	t	4	f	g	2	0.999	0.0	0.999	0.0	0.0	0.0	0.0	0.0	0.0	0.0
174	20.17	8.17	1.96	60	158	b	u	g	aa	v	t	t	14	f	g	2	0.996	0.0	0.996	0.0	0.0	0.0	0.004	0.0	0.0	0.0
175	47.67	0.29	15.0	0	15000	b	u	g	c	bb	t	t	20	f	g	4	1.0	0.0	0.0	0.0	1.0	0.0	0.0	0.0	0.0	0.0
176	21.25	2.335	0.5	80	0	a	u	g	i	bb	t	t	4	f	s	1	0.999	0.999	0.0	0.0	0.0	0.0	0.0	0.0	0.0	0.0
177	20.67	3.0	0.165	100	6	a	u	g	q	v	t	t	3	f	g	2	1.0	0.0	1.0	0.0	0.0	0.0	0.0	0.0	0.0	0.0
178	57.08	19.5	5.5	0	3000	a	u	g	c	v	t	t	7	f	g	4	1.0	0.0	0.0	0.0	1.0	0.0	0.0	0.0	0.0	0.0
179	22.42	5.665	2.585	129	3257	a	u	g	q	v	t	t	7	f	g	2	0.96	0.0	0.96	0.0	0.0	0.0	0.04	0.0	0.0	0.0
180	48.75	8.5	12.5	181	1655	b	u	g	c	h	t	t	9	f	g	6	0.999	0.0	0.001	0.0	0.0	0.0	0.999	0.0	0.0	0.0
181	40.0	6.5	3.5	0	500	b	u	g	aa	bb	t	t	1	f	g	4	1.0	0.0	0.0	0.0	1.0	0.0	0.0	0.0	0.0	0.0
182	40.58	5.0	5.0	0	3065	b	u	g	c	v	t	t	7	f	g	4	1.0	0.0	0.0	0.0	1.0	0.0	0.0	0.0	0.0	0.0
183	28.67	1.04	2.5	300	1430	a	u	g	c	v	t	t	5	t	g	2	0.997	0.0	0.997	0.0	0.0	0.0	0.003	0.0	0.0	0.0
184	33.08	4.625	1.625	0	0	a	u	g	q	h	t	t	2	f	g	8	0.813	0.0	0.0	0.0	0.187	0.0	0.0	0.0	0.813	0.0
185	21.33	10.5	3.0	0	0	b	u	g	c	v	t	f	0	t	g	8	0.999	0.0	0.0	0.0	0.0	0.0	0.0	0.0	0.999	0.0
186	42.0	0.205	5.125	400	0	b	u	g	i	h	t	f	0	f	g	1	0.999	0.999	0.0	0.001	0.0	0.0	0.0	0.0	0.0	0.0
187	41.75	0.96	2.5	510	600	b	u	g	x	v	t	f	0	f	g	3	0.871	0.0	0.0	0.871	0.0	0.0	0.129	0.0	0.0	0.0
188	22.67	1.585	3.085	80	0	b	y	p	w	v	t	t	6	f	g	9	0.998	0.0	0.0	0.0	0.0	0.002	0.0	0.0	0.0	0.998
189	34.5	4.04	8.5	195	0	b	y	p	i	bb	t	t	7	t	g	9	0.998	0.0	0.0	0.0	0.0	0.002	0.0	0.0	0.0	0.998
190	28.25	5.04	1.5	144	7	b	y	p	c	bb	t	t	8	t	g	9	1.0	0.0	0.0	0.0	0.0	0.0	0.0	0.0	0.0	1.0
191	33.17	3.165	3.165	380	0	b	y	p	x	v	t	t	3	t	g	9	0.999	0.0	0.0	0.0	0.0	0.0	0.0	0.0	0.0	0.999
192	48.17	7.625	15.5	0	790	b	u	g	w	h	t	t	12	f	g	4	1.0	0.0	0.0	0.0	1.0	0.0	0.0	0.0	0.0	0.0
193	27.58	2.04	2.0	370	560	b	y	p	aa	v	t	t	3	t	g	9	1.0	0.0	0.0	0.0	0.0	0.0	0.0	0.0	0.0	1.0
194	22.58	10.04	0.04	60	396	b	u	g	x	v	t	t	9	f	g	2	0.999	0.0	0.999	0.0	0.0	0.0	0.0	0.0	0.0	0.0
195	24.08	0.5	1.25	0	678	a	u	g	q	h	t	t	1	f	g	4	1.0	0.0	0.0	0.0	1.0	0.0	0.0	0.0	0.0	0.0
196	41.33	1.0	2.25	0	300	a	u	g	i	bb	t	f	0	t	g	4	1.0	0.0	0.0	0.0	1.0	0.0	0.0	0.0	0.0	0.0
197	20.75	10.25	0.71	49	0	a	u	g	q	v	t	t	2	t	g	2	0.978	0.022	0.978	0.0	0.0	0.0	0.0	0.0	0.0	0.0
198	36.33	2.125	0.085	50	1187	b	y	p	w	v	t	t	1	f	g	9	0.999	0.0	0.0	0.0	0.0	0.0	0.0	0.0	0.0	0.999
199	35.42	12.0	14.0	0	6590	a	u	g	q	h	t	t	8	f	g	4	1.0	0.0	0.0	0.0	1.0	0.0	0.0	0.0	0.0	0.0
200	28.67	9.335	5.665	381	168	b	u	g	q	h	t	t	6	f	g	6	0.982	0.0	0.018	0.0	0.0	0.0	0.982	0.0	0.0	0.0
201	35.17	2.5	4.5	150	1270	b	u	g	k	v	t	t	7	f	g	6	0.882	0.0	0.118	0.0	0.0	0.0	0.882	0.0	0.0	0.0
202	39.5	4.25	6.5	117	1210	b	u	g	c	bb	t	t	16	f	g	6	0.995	0.0	0.005	0.0	0.0	0.0	0.995	0.0	0.0	0.0
203	39.33	5.875	10.0	399	0	b	u	g	cc	h	t	t	14	t	g	6	0.999	0.0	0.0	0.0	0.0	0.0	0.999	0.0	0.0	0.0
204	24.33	6.625	5.5	100	0	b	y	p	d	v	t	f	0	t	s	5	0.999	0.0	0.0	0.0	0.0	0.999	0.0	0.0	0.0	0.0
205	60.08	14.5	18.0	0	1000	b	u	g	ff	ff	t	t	15	t	g	4	1.0	0.0	0.0	0.0	1.0	0.0	0.0	0.0	0.0	0.0
206	23.08	11.5	3.5	56	742	b	u	g	i	v	t	t	9	f	g	2	0.587	0.0	0.587	0.0	0.0	0.0	0.413	0.0	0.0	0.0
207	26.67	2.71	5.25	211	0	b	y	p	cc	v	t	t	1	f	g	9	0.998	0.0	0.0	0.0	0.0	0.002	0.0	0.0	0.0	0.998
208	48.17	3.5	3.5	230	0	b	u	g	aa	v	t	f	0	f	s	1	0.999	0.999	0.0	0.0	0.0	0.0	0.0	0.0	0.0	0.0
209	41.17	4.04	7.0	320	0	b	u	g	cc	h	t	t	8	f	g	6	0.999	0.0	0.0	0.0	0.0	0.0	0.999	0.0	0.0	0.0
210	55.92	11.5	5.0	0	8851	b	u	g	ff	ff	t	t	5	f	g	4	1.0	0.0	0.0	0.0	1.0	0.0	0.0	0.0	0.0	0.0
211	53.92	9.625	8.665	0	0	b	u	g	e	v	t	t	5	f	g	8	0.963	0.0	0.0	0.0	0.037	0.0	0.0	0.0	0.963	0.0
212	18.92	9.25	1.0	80	500	a	y	p	c	v	t	t	4	t	g	9	0.999	0.0	0.0	0.0	0.0	0.0	0.0	0.0	0.0	0.999
213	50.08	12.54	2.29	156	0	a	u	g	aa	v	t	t	3	t	g	1	0.956	0.956	0.04	0.0	0.0	0.0	0.004	0.0	0.0	0.0
214	65.42	11.0	20.0	22	0	b	u	g	e	z	t	t	7	t	g	6	1.0	0.0	0.0	0.0	0.0	0.0	1.0	0.0	0.0	0.0
215	17.58	9.0	1.375	0	0	a	u	g	aa	v	t	f	0	t	g	8	0.999	0.0	0.0	0.0	0.0	0.0	0.0	0.0	0.999	0.0
216	18.83	9.54	0.085	100	0	a	u	g	aa	v	t	f	0	f	g	1	0.993	0.993	0.0	0.007	0.0	0.0	0.0	0.0	0.0	0.0
217	37.75	5.5	0.125	228	0	a	u	g	q	v	t	f	0	t	g	1	0.999	0.999	0.0	0.001	0.0	0.0	0.0	0.0	0.0	0.0
218	23.25	4.0	0.25	160	0	b	u	g	c	bb	t	f	0	t	g	1	0.998	0.998	0.0	0.002	0.0	0.0	0.0	0.0	0.0	0.0
219	18.08	5.5	0.5	80	0	b	u	g	k	v	t	f	0	f	g	1	0.995	0.995	0.0	0.005	0.0	0.0	0.0	0.0	0.0	0.0
220	22.5	8.46	2.46	164	0	a	y	p	x	v	f	f	0	f	g	5	0.998	0.0	0.0	0.002	0.0	0.998	0.0	0.0	0.0	0.0
221	19.67	0.375	2.0	80	0	b	u	g	q	v	t	t	2	t	g	2	0.904	0.096	0.904	0.0	0.0	0.0	0.0	0.0	0.0	0.0
222	22.08	11.0	0.665	100	0	b	u	g	cc	v	t	f	0	f	g	1	0.996	0.996	0.0	0.004	0.0	0.0	0.0	0.0	0.0	0.0
223	25.17	3.5	0.625	0	7059	b	u	g	cc	v	t	t	7	f	g	4	1.0	0.0	0.0	0.0	1.0	0.0	0.0	0.0	0.0	0.0
224	47.42	3.0	13.875	519	1704	a	u	g	x	v	t	t	2	t	g	6	0.968	0.0	0.032	0.0	0.0	0.0	0.968	0.0	0.0	0.0
225	33.5	1.75	4.5	253	857	b	u	g	x	h	t	t	4	t	g	2	0.524	0.0	0.524	0.0	0.0	0.0	0.476	0.0	0.0	0.0
226	27.67	13.75	5.75	487	500	b	u	g	w	v	t	f	0	t	g	3	0.644	0.0	0.0	0.644	0.0	0.0	0.356	0.0	0.0	0.0
227	58.42	21.0	10.0	0	6700	a	u	g	i	bb	t	t	13	f	g	4	1.0	0.0	0.0	0.0	1.0	0.0	0.0	0.0	0.0	0.0
228	20.67	1.835	2.085	220	2503	a	u	g	q	v	t	t	5	f	g	2	0.998	0.0	0.998	0.0	0.0	0.0	0.002	0.0	0.0	0.0
229	26.17	0.25	0.0	0	0	b	u	g	i	bb	t	f	0	t	g	8	0.999	0.0	0.0	0.0	0.0	0.0	0.0	0.0	0.999	0.0
230	21.33	7.5	1.415	80	9800	b	u	g	aa	v	t	t	1	f	g	2	0.999	0.0	0.999	0.0	0.0	0.0	0.0	0.0	0.0	0.0
231	42.83	4.625	4.58	0	0	b	u	g	q	v	t	f	0	f	s	8	0.999	0.0	0.0	0.0	0.0	0.0	0.0	0.0	0.999	0.0
232	38.17	10.125	2.5	520	196	b	u	g	x	v	t	t	6	f	g	6	0.961	0.0	0.039	0.0	0.0	0.0	0.961	0.0	0.0	0.0
233	20.5	10.0	2.5	40	0	b	y	p	c	v	t	f	0	f	s	5	0.999	0.0	0.0	0.0	0.0	0.999	0.0	0.0	0.0	0.0
234	48.25	25.085	1.75	120	14	b	u	g	w	v	t	t	3	f	g	6	0.609	0.0	0.391	0.0	0.0	0.0	0.609	0.0	0.0	0.0
235	28.33	5.0	11.0	70	0	b	u	g	w	v	t	f	0	t	g	1	0.997	0.997	0.0	0.001	0.0	0.0	0.001	0.0	0.0	0.0
236	18.5	2.0	1.5	120	300	b	u	g	i	v	t	t	2	f	g	2	0.999	0.0	0.999	0.0	0.0	0.0	0.0	0.0	0.0	0.0
237	33.17	3.04	2.04	180	18027	b	y	p	c	h	t	t	1	t	g	9	0.999	0.0	0.0	0.0	0.0	0.0	0.0	0.0	0.0	0.999
238	45.0	8.5	14.0	88	2000	b	u	g	cc	h	t	t	1	t	g	6	0.998	0.0	0.002	0.0	0.0	0.0	0.998	0.0	0.0	0.0
239	19.67	0.21	0.29	80	99	a	u	g	q	h	t	t	11	f	g	2	1.0	0.0	1.0	0.0	0.0	0.0	0.0	0.0	0.0	0.0
240	21.83	11.0	0.29	121	0	b	u	g	x	v	t	t	6	f	g	2	0.988	0.012	0.988	0.0	0.0	0.0	0.0	0.0	0.0	0.0
241	40.25	21.5	20.0	0	1200	b	u	g	e	z	t	t	11	f	g	4	1.0	0.0	0.0	0.0	1.0	0.0	0.0	0.0	0.0	0.0
242	41.42	5.0	5.0	470	0	b	u	g	q	h	t	t	6	t	g	6	0.998	0.0	0.001	0.0	0.0	0.0	0.998	0.0	0.0	0.0
243	17.83	11.0	1.0	0	3000	a	u	g	x	h	t	t	11	f	g	4	1.0	0.0	0.0	0.0	1.0	0.0	0.0	0.0	0.0	0.0
244	23.17	11.125	0.46	100	0	b	u	g	x	h	t	t	1	f	g	2	0.978	0.022	0.978	0.0	0.0	0.0	0.0	0.0	0.0	0.0
245	18.17	10.25	1.085	320	13	b	u	g	c	h	f	f	0	f	g	3	1.0	0.0	0.0	1.0	0.0	0.0	0.0	0.0	0.0	0.0
246	20.0	11.045	2.0	136	0	b	u	g	c	v	f	f	0	t	g	1	0.996	0.996	0.0	0.004	0.0	0.0	0.0	0.0	0.0	0.0
247	20.0	0.0	0.5	144	0	b	u	g	d	v	f	f	0	f	g	1	0.992	0.992	0.0	0.007	0.0	0.0	0.0	0.0	0.0	0.0
248	20.75	9.54	0.04	200	1000	a	u	g	i	v	f	f	0	f	g	3	1.0	0.0	0.0	1.0	0.0	0.0	0.0	0.0	0.0	0.0
249	24.5	1.75	0.165	132	0	a	y	p	c	v	f	f	0	f	g	5	0.997	0.0	0.0	0.003	0.0	0.997	0.0	0.0	0.0	0.0
250	32.75	2.335	5.75	292	0	b	u	g	d	h	f	f	0	t	g	1	0.999	0.999	0.0	0.001	0.0	0.0	0.0	0.0	0.0	0.0
251	52.17	0.0	0.0	0	0	a	y	p	ff	ff	f	f	0	f	g	7	1.0	0.0	0.0	0.0	0.0	0.0	0.0	1.0	0.0	0.0
252	48.17	1.335	0.335	0	120	a	u	g	i	o	f	f	0	f	g	4	1.0	0.0	0.0	0.0	1.0	0.0	0.0	0.0	0.0	0.0
253	20.42	10.5	0.0	154	32	a	y	p	x	h	f	f	0	t	g	3	0.996	0.0	0.0	0.996	0.0	0.0	0.0	0.004	0.0	0.0
254	50.75	0.585	0.0	145	0	b	u	g	ff	ff	f	f	0	f	g	7	0.999	0.0	0.0	0.0	0.0	0.0	0.0	0.999	0.0	0.0
255	17.08	0.085	0.04	140	722	b	y	p	c	v	f	f	0	f	g	3	1.0	0.0	0.0	1.0	0.0	0.0	0.0	0.0	0.0	0.0
256	18.33	1.21	0.0	100	0	b	y	p	e	dd	f	f	0	f	g	5	0.982	0.0	0.0	0.0	0.0	0.982	0.0	0.018	0.0	0.0
257	32.0	6.0	1.25	272	0	a	u	g	d	v	f	f	0	f	g	1	0.997	0.997	0.0	0.003	0.0	0.0	0.0	0.0	0.0	0.0
258	59.67	1.54	0.125	260	0	b	u	g	q	v	t	f	0	t	g	1	0.999	0.999	0.0	0.0	0.0	0.0	0.0	0.0	0.0	0.0
259	18.0	0.165	0.21	200	40	b	u	g	q	n	f	f	0	f	g	3	1.0	0.0	0.0	1.0	0.0	0.0	0.0	0.0	0.0	0.0
260	32.33	2.5	1.25	280	0	b	u	g	c	v	f	f	0	t	g	1	0.998	0.998	0.0	0.002	0.0	0.0	0.0	0.0	0.0	0.0
261	18.08	6.75	0.04	140	0	b	y	p	m	v	f	f	0	f	g	5	0.999	0.0	0.0	0.0	0.0	0.999	0.0	0.0	0.0	0.0
262	38.25	10.125	0.125	160	0	b	y	p	k	v	f	f	0	f	g	5	0.997	0.0	0.0	0.003	0.0	0.997	0.0	0.0	0.0	0.0
263	30.67	2.5	2.25	340	0	b	u	g	cc	h	f	f	0	t	s	1	0.999	0.999	0.0	0.0	0.0	0.0	0.0	0.0	0.0	0.0
264	18.58	5.71	0.54	120	0	b	u	g	d	v	f	f	0	f	g	1	0.993	0.993	0.0	0.007	0.0	0.0	0.0	0.0	0.0	0.0
265	19.17	5.415	0.29	80	484	a	u	g	i	h	f	f	0	f	g	3	1.0	0.0	0.0	1.0	0.0	0.0	0.0	0.0	0.0	0.0
266	18.17	10.0	0.165	340	0	a	y	p	q	h	f	f	0	f	g	5	0.992	0.0	0.0	0.008	0.0	0.992	0.0	0.0	0.0	0.0
267	16.25	0.835	0.085	200	0	b	u	g	m	v	t	f	0	f	s	1	0.999	0.999	0.0	0.0	0.0	0.0	0.0	0.0	0.0	0.0
268	21.17	0.875	0.25	280	204	b	y	p	c	h	f	f	0	f	g	3	1.0	0.0	0.0	1.0	0.0	0.0	0.0	0.0	0.0	0.0
269	23.92	0.585	0.125	240	1	b	y	p	cc	h	f	f	0	f	g	5	0.994	0.0	0.0	0.006	0.0	0.994	0.0	0.0	0.0	0.0
270	17.67	4.46	0.25	80	0	b	u	g	c	v	f	f	0	f	s	1	0.999	0.999	0.0	0.0	0.0	0.0	0.0	0.0	0.0	0.0
271	16.5	1.25	0.25	108	98	a	u	g	q	v	f	t	1	f	g	2	1.0	0.0	1.0	0.0	0.0	0.0	0.0	0.0	0.0	0.0
272	23.25	12.625	0.125	0	5552	b	u	g	c	v	f	t	2	f	g	4	1.0	0.0	0.0	0.0	1.0	0.0	0.0	0.0	0.0	0.0
273	17.58	10.0	0.165	120	1	b	u	g	w	h	f	t	1	f	g	2	0.969	0.031	0.969	0.0	0.0	0.0	0.0	0.0	0.0	0.0
274	29.5	0.58	0.29	340	2803	b	u	g	w	v	f	t	1	f	g	2	0.999	0.0	0.999	0.0	0.0	0.0	0.0	0.0	0.0	0.0
275	18.83	0.415	0.165	200	1	b	y	p	c	v	f	t	1	f	g	9	0.996	0.0	0.0	0.0	0.0	0.004	0.0	0.0	0.0	0.996
276	21.75	1.75	0.0	160	0	a	y	p	j	j	f	f	0	f	g	7	0.998	0.0	0.0	0.0	0.0	0.002	0.0	0.998	0.0	0.0
277	23.0	0.75	0.5	320	0	b	u	g	m	v	f	f	0	t	s	1	1.0	1.0	0.0	0.0	0.0	0.0	0.0	0.0	0.0	0.0
278	18.25	10.0	1.0	120	1	a	u	g	w	v	f	t	1	f	g	2	0.991	0.009	0.991	0.0	0.0	0.0	0.0	0.0	0.0	0.0
279	25.42	0.54	0.165	272	444	b	u	g	w	v	f	t	1	f	g	2	0.999	0.0	0.999	0.0	0.0	0.0	0.0	0.0	0.0	0.0
280	35.75	2.415	0.125	220	1	b	u	g	w	v	f	t	2	f	g	2	0.56	0.44	0.56	0.0	0.0	0.0	0.0	0.0	0.0	0.0
281	16.08	0.335	0.0	160	126	a	u	g	ff	ff	f	t	1	f	g	7	1.0	0.0	0.0	0.0	0.0	0.0	0.0	1.0	0.0	0.0
282	31.92	3.125	3.04	200	4	a	u	g	ff	ff	f	t	2	t	g	6	0.993	0.0	0.006	0.0	0.0	0.0	0.993	0.0	0.0	0.0
283	69.17	9.0	4.0	70	6	b	u	g	ff	ff	f	t	1	f	g	6	1.0	0.0	0.0	0.0	0.0	0.0	1.0	0.0	0.0	0.0
284	32.92	2.5	1.75	720	0	b	u	g	aa	v	f	t	2	t	g	1	0.871	0.871	0.129	0.0	0.0	0.0	0.0	0.0	0.0	0.0
285	16.33	2.75	0.665	80	21	b	u	g	aa	v	f	t	1	f	g	2	1.0	0.0	1.0	0.0	0.0	0.0	0.0	0.0	0.0	0.0
286	22.17	12.125	3.335	180	173	b	u	g	c	v	f	t	2	t	g	2	0.998	0.0	0.998	0.0	0.0	0.0	0.002	0.0	0.0	0.0
287	57.58	2.0	6.5	0	10	a	u	g	ff	ff	f	t	1	f	g	4	1.0	0.0	0.0	0.0	1.0	0.0	0.0	0.0	0.0	0.0
288	18.25	0.165	0.25	280	0	b	u	g	d	v	f	f	0	t	s	1	0.999	0.999	0.0	0.0	0.0	0.0	0.0	0.0	0.0	0.0
289	23.42	1.0	0.5	280	0	b	u	g	c	v	f	f	0	t	s	1	0.999	0.999	0.0	0.0	0.0	0.0	0.0	0.0	0.0	0.0
290	15.92	2.875	0.085	120	0	a	u	g	q	v	f	f	0	f	g	1	0.983	0.983	0.0	0.017	0.0	0.0	0.0	0.0	0.0	0.0
291	24.75	13.665	1.5	280	1	a	u	g	q	h	f	f	0	f	g	1	0.973	0.973	0.0	0.027	0.0	0.0	0.0	0.0	0.0	0.0
292	48.75	26.335	0.0	0	0	b	y	p	ff	ff	t	f	0	t	g	7	0.999	0.0	0.0	0.0	0.0	0.0	0.0	0.999	0.0	0.0
293	23.5	2.75	4.5	160	25	b	u	g	ff	ff	f	f	0	f	g	3	0.999	0.0	0.0	0.999	0.0	0.0	0.0	0.0	0.0	0.0
294	18.58	10.29	0.415	80	0	b	u	g	ff	ff	f	f	0	f	g	3	0.987	0.01	0.0	0.987	0.0	0.003	0.0	0.0	0.0	0.0
295	27.75	1.29	0.25	140	0	b	u	g	k	h	f	f	0	t	s	1	0.999	0.999	0.0	0.0	0.0	0.0	0.0	0.0	0.0	0.0
296	31.75	3.0	0.0	160	20	a	y	p	j	j	f	f	0	f	g	7	0.999	0.0	0.0	0.0	0.0	0.0	0.0	0.999	0.0	0.0
297	24.83	4.5	1.0	360	6	a	u	g	w	v	f	f	0	t	g	3	0.999	0.0	0.0	0.999	0.0	0.0	0.0	0.0	0.0	0.0
298	19.0	1.75	2.335	112	6	b	y	p	c	v	f	f	0	t	g	3	0.999	0.0	0.0	0.999	0.0	0.0	0.0	0.0	0.0	0.0
299	16.33	0.21	0.125	200	1	a	u	g	aa	v	f	f	0	f	g	1	0.9	0.9	0.0	0.1	0.0	0.0	0.0	0.0	0.0	0.0
300	18.58	10.0	0.415	80	42	a	u	g	d	v	f	f	0	f	g	3	1.0	0.0	0.0	1.0	0.0	0.0	0.0	0.0	0.0	0.0
301	16.25	0.0	0.25	60	0	b	y	p	aa	v	f	f	0	f	g	5	0.998	0.0	0.0	0.003	0.0	0.998	0.0	0.0	0.0	0.0
302	23.0	0.75	0.5	320	0	b	u	g	m	v	t	f	0	t	s	1	1.0	1.0	0.0	0.0	0.0	0.0	0.0	0.0	0.0	0.0
303	21.17	0.25	0.25	280	204	b	y	p	c	h	f	f	0	f	g	3	1.0	0.0	0.0	1.0	0.0	0.0	0.0	0.0	0.0	0.0
304	17.5	22.0	0.0	450	100000	b	l	gg	ff	o	f	f	0	t	p	7	1.0	0.0	0.0	0.0	0.0	0.0	0.0	1.0	0.0	0.0
305	19.17	0.0	0.0	500	1	b	y	p	m	bb	f	f	0	t	s	5	0.999	0.0	0.0	0.0	0.0	0.999	0.0	0.0	0.0	0.0
306	36.75	0.125	1.5	232	113	b	y	p	c	v	f	f	0	t	g	3	0.999	0.0	0.0	0.999	0.0	0.0	0.0	0.0	0.0	0.0
307	21.25	1.5	1.5	150	8	b	u	g	w	v	f	f	0	f	g	3	1.0	0.0	0.0	1.0	0.0	0.0	0.0	0.0	0.0	0.0
308	18.08	0.375	10.0	300	0	a	l	gg	cc	ff	f	f	0	t	s	5	0.999	0.0	0.0	0.0	0.0	0.999	0.0	0.0	0.0	0.0
309	33.67	0.375	0.375	300	44	a	u	g	cc	v	f	f	0	f	g	3	1.0	0.0	0.0	1.0	0.0	0.0	0.0	0.0	0.0	0.0
310	48.58	0.205	0.25	380	2732	b	y	p	k	v	t	t	11	f	g	9	0.999	0.0	0.0	0.0	0.0	0.0	0.0	0.0	0.0	0.999
311	33.67	1.25	1.165	120	0	b	u	g	w	v	f	f	0	f	g	1	0.989	0.989	0.0	0.011	0.0	0.0	0.0	0.0	0.0	0.0
312	29.5	1.085	1.0	280	13	a	y	p	x	v	f	f	0	f	g	3	0.999	0.0	0.0	0.999	0.0	0.0	0.0	0.0	0.0	0.0
313	30.17	1.085	0.04	170	179	b	y	p	c	v	f	f	0	f	g	3	1.0	0.0	0.0	1.0	0.0	0.0	0.0	0.0	0.0	0.0
314	34.83	2.5	3.0	200	0	b	y	p	w	v	f	f	0	f	s	5	0.999	0.0	0.0	0.0	0.0	0.999	0.0	0.0	0.0	0.0
315	33.25	2.5	2.5	0	2	a	y	p	c	v	f	f	0	t	g	4	0.666	0.0	0.0	0.0	0.666	0.0	0.0	0.0	0.334	0.0
316	34.08	2.5	1.0	460	16	b	u	g	c	v	f	f	0	f	g	3	0.999	0.0	0.0	0.999	0.0	0.0	0.0	0.0	0.0	0.0
317	25.25	12.5	1.0	180	1062	a	u	g	d	v	f	f	0	t	g	3	0.999	0.0	0.0	0.999	0.0	0.0	0.0	0.0	0.0	0.0
318	34.75	2.5	0.5	348	0	b	u	g	cc	bb	f	f	0	f	g	1	0.996	0.996	0.0	0.004	0.0	0.0	0.0	0.0	0.0	0.0
319	27.67	0.75	0.165	220	251	b	u	g	q	h	f	f	0	t	g	3	1.0	0.0	0.0	1.0	0.0	0.0	0.0	0.0	0.0	0.0
320	47.33	6.5	1.0	0	228	b	u	g	c	v	f	f	0	t	g	4	1.0	0.0	0.0	0.0	1.0	0.0	0.0	0.0	0.0	0.0
321	34.83	1.25	0.5	160	0	a	y	p	i	h	f	f	0	t	g	5	0.993	0.0	0.0	0.007	0.0	0.993	0.0	0.0	0.0	0.0
322	33.25	3.0	2.0	180	0	a	y	p	aa	v	f	f	0	f	g	5	0.998	0.0	0.0	0.002	0.0	0.998	0.0	0.0	0.0	0.0
323	28.0	3.0	0.75	300	67	b	u	g	w	v	f	f	0	t	g	3	1.0	0.0	0.0	1.0	0.0	0.0	0.0	0.0	0.0	0.0
324	39.08	4.0	3.0	480	0	a	u	g	c	v	f	f	0	f	g	1	0.998	0.998	0.0	0.002	0.0	0.0	0.0	0.0	0.0	0.0
325	42.75	4.085	0.04	108	100	b	u	g	aa	v	f	f	0	f	g	3	1.0	0.0	0.0	1.0	0.0	0.0	0.0	0.0	0.0	0.0
326	26.92	2.25	0.5	640	4000	b	u	g	i	bb	f	f	0	t	g	3	1.0	0.0	0.0	1.0	0.0	0.0	0.0	0.0	0.0	0.0
327	33.75	2.75	0.0	180	0	b	u	g	i	bb	f	f	0	f	g	1	0.987	0.987	0.0	0.013	0.0	0.0	0.0	0.0	0.0	0.0
328	38.92	1.75	0.5	300	2	b	u	g	k	v	f	f	0	t	g	3	0.607	0.393	0.0	0.607	0.0	0.0	0.0	0.0	0.0	0.0
329	62.75	7.0	0.0	0	12	b	u	g	e	z	f	f	0	f	g	7	0.973	0.0	0.0	0.0	0.027	0.0	0.0	0.973	0.0	0.0
330	26.75	4.5	2.5	200	1210	b	y	p	c	bb	f	f	0	f	g	3	0.999	0.0	0.0	0.999	0.0	0.0	0.0	0.0	0.0	0.0
331	63.33	0.54	0.585	180	0	b	u	g	c	v	t	t	3	t	g	1	0.996	0.996	0.004	0.0	0.0	0.0	0.0	0.0	0.0	0.0
332	27.83	1.5	2.25	100	3	b	u	g	w	v	f	t	1	t	g	2	0.999	0.0	0.999	0.0	0.0	0.0	0.001	0.0	0.0	0.0
333	26.17	2.0	0.0	276	1	a	u	g	j	j	f	f	0	t	g	7	0.999	0.0	0.0	0.0	0.0	0.0	0.0	0.999	0.0	0.0
334	22.17	0.585	0.0	100	0	b	y	p	ff	ff	f	f	0	f	g	7	0.734	0.0	0.0	0.0	0.0	0.266	0.0	0.734	0.0	0.0
335	22.5	11.5	1.5	0	4000	b	y	p	m	v	f	f	0	t	g	4	1.0	0.0	0.0	0.0	1.0	0.0	0.0	0.0	0.0	0.0
336	30.75	1.585	0.585	0	0	b	u	g	d	v	f	f	0	t	s	8	1.0	0.0	0.0	0.0	0.0	0.0	0.0	0.0	1.0	0.0
337	36.67	2.0	0.25	221	0	b	u	g	i	v	f	f	0	t	g	1	0.995	0.995	0.0	0.005	0.0	0.0	0.0	0.0	0.0	0.0
338	16.0	0.165	1.0	320	1	a	u	g	aa	v	f	t	2	t	g	2	0.803	0.197	0.803	0.0	0.0	0.0	0.0	0.0	0.0	0.0
339	41.17	1.335	0.165	168	0	b	u	g	d	v	f	f	0	f	g	1	0.996	0.996	0.0	0.004	0.0	0.0	0.0	0.0	0.0	0.0
340	19.5	0.165	0.04	380	0	a	u	g	q	v	f	f	0	t	g	1	0.994	0.994	0.0	0.006	0.0	0.0	0.0	0.0	0.0	0.0
341	32.42	3.0	0.165	120	0	b	u	g	d	v	f	f	0	t	g	1	0.997	0.997	0.0	0.003	0.0	0.0	0.0	0.0	0.0	0.0
342	36.75	4.71	0.0	160	0	a	u	g	ff	ff	f	f	0	f	g	7	0.999	0.0	0.0	0.0	0.0	0.0	0.0	0.999	0.0	0.0
343	30.25	5.5	5.5	100	0	a	u	g	k	v	f	f	0	t	s	1	0.999	0.999	0.0	0.0	0.0	0.0	0.0	0.0	0.0	0.0
344	23.08	2.5	0.085	100	4208	b	u	g	ff	ff	f	f	0	t	g	3	1.0	0.0	0.0	1.0	0.0	0.0	0.0	0.0	0.0	0.0
345	26.83	0.54	0.0	100	0	b	u	g	k	ff	f	f	0	f	g	7	0.969	0.013	0.0	0.018	0.0	0.0	0.0	0.969	0.0	0.0
346	16.92	0.335	0.29	200	0	b	y	p	k	v	f	f	0	f	s	5	0.999	0.0	0.0	0.0	0.0	0.999	0.0	0.0	0.0	0.0
347	24.42	2.0	0.165	320	1300	b	u	g	e	dd	f	t	2	f	g	2	1.0	0.0	1.0	0.0	0.0	0.0	0.0	0.0	0.0	0.0
348	42.83	1.25	13.875	352	112	b	u	g	m	v	f	t	1	t	g	2	0.512	0.0	0.512	0.0	0.0	0.0	0.488	0.0	0.0	0.0
349	22.75	6.165	0.165	220	1000	a	u	g	aa	v	f	f	0	f	g	3	1.0	0.0	0.0	1.0	0.0	0.0	0.0	0.0	0.0	0.0
350	39.42	1.71	0.165	400	0	b	y	p	m	v	f	f	0	f	s	5	0.999	0.0	0.0	0.0	0.0	0.999	0.0	0.0	0.0	0.0
351	23.58	11.5	3.0	20	16	a	y	p	k	h	f	f	0	t	g	3	0.999	0.0	0.0	0.999	0.0	0.0	0.0	0.0	0.0	0.0
352	21.42	0.75	0.75	132	2	b	y	p	r	n	f	f	0	t	g	3	0.989	0.0	0.0	0.989	0.0	0.011	0.0	0.0	0.0	0.0
353	33.0	2.5	7.0	280	0	b	y	p	w	v	f	f	0	t	g	5	0.998	0.0	0.0	0.002	0.0	0.998	0.0	0.0	0.0	0.0
354	26.33	13.0	0.0	140	1110	b	u	g	e	dd	f	f	0	t	g	7	0.997	0.0	0.0	0.003	0.0	0.0	0.0	0.997	0.0	0.0
355	45.0	4.585	1.0	240	0	a	u	g	k	h	f	f	0	t	s	1	0.999	0.999	0.0	0.0	0.0	0.0	0.0	0.0	0.0	0.0
356	26.25	1.54	0.125	100	0	b	u	g	w	v	f	f	0	f	g	1	0.978	0.978	0.0	0.022	0.0	0.0	0.0	0.0	0.0	0.0
357	20.83	0.5	1.0	260	0	a	y	p	e	dd	f	f	0	f	g	5	0.999	0.0	0.0	0.0	0.0	0.999	0.0	0.0	0.0	0.0
358	28.67	14.5	0.125	0	286	b	u	g	d	v	f	f	0	f	g	4	1.0	0.0	0.0	0.0	1.0	0.0	0.0	0.0	0.0	0.0
359	20.67	0.835	2.0	240	0	b	y	p	c	v	f	f	0	t	s	5	0.999	0.0	0.0	0.0	0.0	0.999	0.0	0.0	0.0	0.0
360	34.42	1.335	0.125	440	4500	b	u	g	i	bb	f	f	0	t	g	3	1.0	0.0	0.0	1.0	0.0	0.0	0.0	0.0	0.0	0.0
361	33.58	0.25	4.0	420	0	b	u	g	i	bb	f	f	0	t	s	1	0.999	0.999	0.0	0.0	0.0	0.0	0.0	0.0	0.0	0.0
362	43.17	5.0	2.25	141	0	b	u	g	i	bb	f	f	0	t	g	1	0.998	0.998	0.0	0.002	0.0	0.0	0.0	0.0	0.0	0.0
363	22.67	7.0	0.165	160	0	a	u	g	c	v	f	f	0	f	g	1	0.988	0.988	0.0	0.012	0.0	0.0	0.0	0.0	0.0	0.0
364	24.33	2.5	4.5	200	456	a	y	p	i	bb	f	f	0	f	g	3	1.0	0.0	0.0	1.0	0.0	0.0	0.0	0.0	0.0	0.0
365	56.83	4.25	5.0	0	4	a	y	p	ff	ff	f	f	0	t	g	4	1.0	0.0	0.0	0.0	1.0	0.0	0.0	0.0	0.0	0.0
366	22.08	11.46	1.585	100	1212	b	u	g	k	v	f	f	0	t	g	3	0.999	0.0	0.0	0.999	0.0	0.0	0.0	0.0	0.0	0.0
367	34.0	5.5	1.5	60	0	b	y	p	c	v	f	f	0	t	g	5	0.998	0.0	0.0	0.002	0.0	0.998	0.0	0.0	0.0	0.0
368	22.58	1.5	0.54	120	67	b	y	p	aa	v	f	f	0	t	g	3	1.0	0.0	0.0	1.0	0.0	0.0	0.0	0.0	0.0	0.0
369	21.17	0.0	0.5	0	0	b	u	g	c	v	f	f	0	t	s	8	1.0	0.0	0.0	0.0	0.0	0.0	0.0	0.0	1.0	0.0
370	26.67	14.585	0.0	178	0	b	u	g	i	bb	f	f	0	t	g	1	0.991	0.991	0.0	0.009	0.0	0.0	0.0	0.0	0.0	0.0
371	22.92	0.17	0.085	0	0	b	u	g	m	v	f	f	0	f	s	8	1.0	0.0	0.0	0.0	0.0	0.0	0.0	0.0	1.0	0.0
372	15.17	7.0	1.0	600	0	b	u	g	e	v	f	f	0	f	g	1	0.997	0.997	0.0	0.003	0.0	0.0	0.0	0.0	0.0	0.0
373	39.92	5.0	0.21	550	0	b	u	g	i	bb	f	f	0	f	g	1	0.997	0.997	0.0	0.003	0.0	0.0	0.0	0.0	0.0	0.0
374	27.42	12.5	0.25	720	0	b	u	g	aa	bb	f	f	0	t	g	1	0.999	0.999	0.0	0.001	0.0	0.0	0.0	0.0	0.0	0.0
375	24.75	0.54	1.0	120	1	b	u	g	m	v	f	f	0	t	g	1	0.999	0.999	0.0	0.0	0.0	0.0	0.0	0.0	0.0	0.0
376	41.17	1.25	0.25	0	195	b	y	p	w	v	f	f	0	f	g	4	1.0	0.0	0.0	0.0	1.0	0.0	0.0	0.0	0.0	0.0
377	33.08	1.625	0.54	0	0	a	u	g	d	v	f	f	0	t	g	8	0.999	0.0	0.0	0.0	0.0	0.0	0.0	0.0	0.999	0.0
378	29.83	2.04	0.04	128	1	b	y	p	x	h	f	f	0	f	g	5	0.993	0.0	0.0	0.007	0.0	0.993	0.0	0.0	0.0	0.0
379	23.58	0.585	0.125	120	87	a	y	p	ff	ff	f	f	0	f	g	3	1.0	0.0	0.0	1.0	0.0	0.0	0.0	0.0	0.0	0.0
380	26.17	12.5	1.25	0	17	b	y	p	k	h	f	f	0	t	g	4	1.0	0.0	0.0	0.0	1.0	0.0	0.0	0.0	0.0	0.0
381	31.0	2.085	0.085	300	0	b	u	g	c	v	f	f	0	f	g	1	0.993	0.993	0.0	0.007	0.0	0.0	0.0	0.0	0.0	0.0
382	20.75	5.085	0.29	140	184	b	y	p	j	v	f	f	0	f	g	3	1.0	0.0	0.0	1.0	0.0	0.0	0.0	0.0	0.0	0.0
383	28.92	0.375	0.29	220	140	b	u	g	c	v	f	f	0	f	g	3	1.0	0.0	0.0	1.0	0.0	0.0	0.0	0.0	0.0	0.0
384	51.92	6.5	3.085	73	0	a	u	g	i	bb	f	f	0	t	g	1	0.998	0.998	0.0	0.002	0.0	0.0	0.0	0.0	0.0	0.0
385	22.67	0.335	0.75	160	0	a	u	g	q	v	f	f	0	f	s	1	0.999	0.999	0.0	0.0	0.0	0.0	0.0	0.0	0.0	0.0
386	34.0	5.085	1.085	480	0	b	y	p	i	bb	f	f	0	t	g	5	0.972	0.0	0.0	0.028	0.0	0.972	0.0	0.0	0.0	0.0
387	69.5	6.0	0.0	0	0	a	u	g	ff	ff	f	f	0	f	s	7	0.999	0.0	0.0	0.0	0.0	0.0	0.0	0.999	0.0	0.0
388	19.58	0.665	1.0	2000	2	a	y	p	c	v	f	t	1	f	g	9	0.999	0.0	0.0	0.0	0.0	0.0	0.0	0.0	0.0	0.999
389	16.0	3.125	0.085	0	6	b	u	g	w	v	f	t	1	f	g	4	1.0	0.0	0.0	0.0	1.0	0.0	0.0	0.0	0.0	0.0
390	17.08	0.25	0.335	160	8	b	u	g	q	v	f	t	4	f	g	2	0.999	0.0	0.999	0.0	0.0	0.0	0.0	0.0	0.0	0.0
391	31.25	2.835	0.0	176	146	b	u	g	ff	ff	f	t	5	f	g	7	1.0	0.0	0.0	0.0	0.0	0.0	0.0	1.0	0.0	0.0
392	25.17	3.0	1.25	0	22	b	u	g	c	v	f	t	1	f	g	4	1.0	0.0	0.0	0.0	1.0	0.0	0.0	0.0	0.0	0.0
393	22.67	0.79	0.085	144	0	a	u	g	i	v	f	f	0	f	g	1	0.977	0.977	0.0	0.023	0.0	0.0	0.0	0.0	0.0	0.0
394	40.58	1.5	0.0	300	0	b	u	g	i	bb	f	f	0	f	s	1	0.999	0.999	0.0	0.0	0.0	0.0	0.0	0.0	0.0	0.0
395	22.25	0.46	0.125	280	55	b	u	g	k	v	f	f	0	t	g	3	1.0	0.0	0.0	1.0	0.0	0.0	0.0	0.0	0.0	0.0
396	22.25	1.25	3.25	280	0	a	y	p	ff	ff	f	f	0	f	g	5	0.998	0.0	0.0	0.002	0.0	0.998	0.0	0.0	0.0	0.0
397	22.5	0.125	0.125	200	70	b	y	p	k	v	f	f	0	f	g	3	1.0	0.0	0.0	1.0	0.0	0.0	0.0	0.0	0.0	0.0
398	23.58	1.79	0.54	136	1	b	u	g	c	v	f	f	0	t	g	1	0.977	0.977	0.0	0.023	0.0	0.0	0.0	0.0	0.0	0.0
399	38.42	0.705	0.375	225	500	b	u	g	c	v	f	t	2	f	g	2	0.999	0.0	0.999	0.0	0.0	0.0	0.0	0.0	0.0	0.0
400	26.58	2.54	0.0	180	60	a	y	p	ff	ff	f	f	0	t	g	7	0.998	0.0	0.0	0.002	0.0	0.0	0.0	0.998	0.0	0.0
401	35.0	2.5	1.0	210	0	b	u	g	i	v	f	f	0	t	g	1	0.996	0.996	0.0	0.004	0.0	0.0	0.0	0.0	0.0	0.0
402	20.42	1.085	1.5	108	7	b	u	g	q	v	f	f	0	f	g	3	0.999	0.0	0.0	0.999	0.0	0.0	0.0	0.0	0.0	0.0
403	29.42	1.25	1.75	200	0	b	u	g	w	v	f	f	0	f	g	1	0.99	0.99	0.0	0.01	0.0	0.0	0.0	0.0	0.0	0.0
404	26.17	0.835	1.165	100	0	b	u	g	cc	v	f	f	0	f	g	1	0.991	0.991	0.0	0.009	0.0	0.0	0.0	0.0	0.0	0.0
405	33.67	2.165	1.5	120	0	b	u	g	c	v	f	f	0	f	p	1	0.999	0.999	0.0	0.001	0.0	0.0	0.0	0.0	0.0	0.0
406	24.58	1.25	0.25	110	0	b	u	g	c	v	f	f	0	f	g	1	0.991	0.991	0.0	0.009	0.0	0.0	0.0	0.0	0.0	0.0
407	27.67	2.04	0.25	180	50	a	u	g	w	v	f	f	0	t	g	3	1.0	0.0	0.0	1.0	0.0	0.0	0.0	0.0	0.0	0.0
408	37.5	0.835	0.04	120	5	b	u	g	e	v	f	f	0	f	g	3	1.0	0.0	0.0	1.0	0.0	0.0	0.0	0.0	0.0	0.0
409	49.17	2.29	0.29	200	3	b	u	g	ff	ff	f	f	0	f	g	3	1.0	0.0	0.0	1.0	0.0	0.0	0.0	0.0	0.0	0.0
410	33.58	0.335	0.085	180	0	b	y	p	cc	v	f	f	0	f	g	5	0.999	0.0	0.0	0.001	0.0	0.999	0.0	0.0	0.0	0.0
411	51.83	3.0	1.5	180	4	b	y	p	ff	ff	f	f	0	f	g	3	1.0	0.0	0.0	1.0	0.0	0.0	0.0	0.0	0.0	0.0
412	22.92	3.165	0.165	160	1058	b	y	p	c	v	f	f	0	f	g	3	1.0	0.0	0.0	1.0	0.0	0.0	0.0	0.0	0.0	0.0
413	21.83	1.54	0.085	356	0	b	u	g	k	v	f	f	0	t	g	1	0.994	0.994	0.0	0.006	0.0	0.0	0.0	0.0	0.0	0.0
414	25.25	1.0	0.5	200	0	b	u	g	aa	v	f	f	0	f	g	1	0.992	0.992	0.0	0.008	0.0	0.0	0.0	0.0	0.0	0.0
415	58.58	2.71	2.415	320	0	b	u	g	c	v	f	f	0	t	g	1	0.999	0.999	0.0	0.0	0.0	0.0	0.0	0.0	0.0	0.0
416	19.0	0.0	0.0	45	1	b	y	p	ff	ff	f	t	4	f	g	7	1.0	0.0	0.0	0.0	0.0	0.0	0.0	1.0	0.0	0.0
417	19.58	0.585	0.0	350	769	b	u	g	ff	ff	f	t	3	f	g	7	1.0	0.0	0.0	0.0	0.0	0.0	0.0	1.0	0.0	0.0
418	53.33	0.165	0.0	62	27	a	u	g	ff	ff	f	f	0	t	s	7	1.0	0.0	0.0	0.0	0.0	0.0	0.0	1.0	0.0	0.0
419	27.17	1.25	0.0	92	300	a	u	g	ff	ff	f	t	1	f	g	7	1.0	0.0	0.0	0.0	0.0	0.0	0.0	1.0	0.0	0.0
420	25.92	0.875	0.375	174	3	b	u	g	k	v	f	t	2	t	g	2	0.999	0.0	0.999	0.0	0.0	0.0	0.0	0.0	0.0	0.0
421	23.08	0.0	1.0	0	0	b	u	g	k	v	f	t	11	f	s	8	1.0	0.0	0.0	0.0	0.0	0.0	0.0	0.0	1.0	0.0
422	39.58	5.0	0.0	17	1	b	u	g	ff	ff	f	t	2	f	g	7	1.0	0.0	0.0	0.0	0.0	0.0	0.0	1.0	0.0	0.0
423	30.58	2.71	0.125	80	0	b	y	p	m	v	f	f	0	t	s	5	0.999	0.0	0.0	0.0	0.0	0.999	0.0	0.0	0.0	0.0
424	17.25	3.0	0.04	160	40	b	u	g	k	v	f	f	0	t	g	3	1.0	0.0	0.0	1.0	0.0	0.0	0.0	0.0	0.0	0.0
425	17.67	0.0	0.0	86	0	a	y	p	j	ff	f	f	0	f	g	7	0.999	0.0	0.0	0.0	0.0	0.001	0.0	0.999	0.0	0.0
426	16.5	0.125	0.165	132	0	b	u	g	c	v	f	f	0	f	g	1	0.984	0.984	0.0	0.016	0.0	0.0	0.0	0.0	0.0	0.0
427	27.33	1.665	0.0	340	1	a	u	g	ff	ff	f	f	0	f	g	7	0.999	0.0	0.0	0.0	0.0	0.0	0.0	0.999	0.0	0.0
428	31.25	1.125	0.0	96	19	b	u	g	ff	ff	f	t	1	f	g	7	1.0	0.0	0.0	0.0	0.0	0.0	0.0	1.0	0.0	0.0
429	20.0	7.0	0.5	0	0	b	u	g	c	v	f	f	0	f	g	8	0.999	0.0	0.0	0.0	0.0	0.0	0.0	0.0	0.999	0.0
430	39.5	1.625	1.5	0	316	b	u	g	c	v	f	f	0	f	g	4	1.0	0.0	0.0	0.0	1.0	0.0	0.0	0.0	0.0	0.0
431	36.5	4.25	3.5	454	50	b	u	g	q	v	f	f	0	f	g	3	0.973	0.0	0.0	0.973	0.0	0.0	0.027	0.0	0.0	0.0
432	52.42	1.5	3.75	0	350	b	u	g	d	v	f	f	0	t	g	4	1.0	0.0	0.0	0.0	1.0	0.0	0.0	0.0	0.0	0.0
433	36.17	18.125	0.085	320	3552	b	u	g	w	v	f	f	0	f	g	3	1.0	0.0	0.0	1.0	0.0	0.0	0.0	0.0	0.0	0.0
434	29.67	0.75	0.04	240	0	b	y	p	c	v	f	f	0	f	g	5	0.997	0.0	0.0	0.003	0.0	0.997	0.0	0.0	0.0	0.0
435	36.17	5.5	5.0	210	687	b	u	g	i	bb	f	f	0	f	g	3	0.997	0.0	0.0	0.997	0.0	0.0	0.003	0.0	0.0	0.0
436	25.67	0.29	1.5	160	0	b	y	p	c	v	f	f	0	t	g	5	0.998	0.0	0.0	0.002	0.0	0.998	0.0	0.0	0.0	0.0
437	24.5	2.415	0.0	120	0	a	y	p	c	v	f	f	0	f	g	5	0.998	0.0	0.0	0.002	0.0	0.998	0.0	0.0	0.0	0.0
438	24.08	0.875	0.085	254	1950	b	u	g	m	v	f	t	4	f	g	2	1.0	0.0	1.0	0.0	0.0	0.0	0.0	0.0	0.0	0.0
439	21.92	0.5	0.125	360	0	b	u	g	c	v	f	f	0	f	g	1	0.992	0.992	0.0	0.008	0.0	0.0	0.0	0.0	0.0	0.0
440	36.58	0.29	0.0	200	18	a	u	g	ff	ff	f	t	10	f	g	7	1.0	0.0	0.0	0.0	0.0	0.0	0.0	1.0	0.0	0.0
441	23.0	1.835	0.0	200	53	a	u	g	j	j	f	t	1	f	g	7	1.0	0.0	0.0	0.0	0.0	0.0	0.0	1.0	0.0	0.0
442	27.58	3.0	2.79	280	10	a	u	g	m	v	f	t	1	t	g	2	0.995	0.0	0.995	0.0	0.0	0.0	0.005	0.0	0.0	0.0
443	31.08	3.085	2.5	160	41	b	u	g	c	v	f	t	2	t	g	2	0.995	0.0	0.995	0.0	0.0	0.0	0.005	0.0	0.0	0.0
444	30.42	1.375	0.04	0	33	a	u	g	w	h	f	t	3	f	g	4	1.0	0.0	0.0	0.0	1.0	0.0	0.0	0.0	0.0	0.0
445	22.08	2.335	0.75	180	0	b	u	g	k	v	f	f	0	f	g	1	0.99	0.99	0.0	0.01	0.0	0.0	0.0	0.0	0.0	0.0
446	16.33	4.085	0.415	120	0	b	u	g	i	h	f	f	0	t	g	1	0.987	0.987	0.0	0.013	0.0	0.0	0.0	0.0	0.0	0.0
447	21.92	11.665	0.085	320	5	a	u	g	k	h	f	f	0	f	g	3	1.0	0.0	0.0	1.0	0.0	0.0	0.0	0.0	0.0	0.0
448	21.08	4.125	0.04	140	100	b	y	p	i	h	f	f	0	f	g	3	1.0	0.0	0.0	1.0	0.0	0.0	0.0	0.0	0.0	0.0
449	17.42	6.5	0.125	60	100	b	u	g	i	v	f	f	0	f	g	3	1.0	0.0	0.0	1.0	0.0	0.0	0.0	0.0	0.0	0.0
450	19.17	4.0	1.0	360	1000	b	y	p	i	v	f	f	0	t	g	3	1.0	0.0	0.0	1.0	0.0	0.0	0.0	0.0	0.0	0.0
451	20.67	0.415	0.125	0	44	b	u	g	c	v	f	f	0	f	g	4	1.0	0.0	0.0	0.0	1.0	0.0	0.0	0.0	0.0	0.0
452	26.75	2.0	0.75	80	0	b	u	g	d	v	f	f	0	t	g	1	0.998	0.998	0.0	0.002	0.0	0.0	0.0	0.0	0.0	0.0
453	23.58	0.835	0.085	220	5	b	u	g	i	h	f	f	0	t	g	3	1.0	0.0	0.0	1.0	0.0	0.0	0.0	0.0	0.0	0.0
454	39.17	2.5	10.0	200	0	b	y	p	i	h	f	f	0	t	s	5	0.999	0.0	0.0	0.0	0.0	0.999	0.0	0.0	0.0	0.0
455	22.75	11.5	0.415	0	0	b	u	g	i	v	f	f	0	f	g	8	0.999	0.0	0.0	0.0	0.0	0.0	0.0	0.0	0.999	0.0
456	16.92	0.5	0.165	240	35	a	u	g	i	v	f	t	6	t	g	2	0.999	0.0	0.999	0.0	0.0	0.0	0.0	0.0	0.0	0.0
457	23.5	3.165	0.415	280	80	b	y	p	k	v	f	t	1	t	g	9	0.999	0.0	0.0	0.0	0.0	0.0	0.0	0.0	0.0	0.999
458	17.33	9.5	1.75	0	10	a	u	g	aa	v	f	t	10	t	g	4	1.0	0.0	0.0	0.0	1.0	0.0	0.0	0.0	0.0	0.0
459	23.75	0.415	0.04	128	6	b	y	p	c	v	f	t	2	f	g	9	0.999	0.0	0.0	0.0	0.0	0.0	0.0	0.0	0.0	0.999
460	34.67	1.08	1.165	28	0	b	u	g	m	v	f	f	0	f	s	1	1.0	1.0	0.0	0.0	0.0	0.0	0.0	0.0	0.0	0.0
461	74.83	19.0	0.04	0	351	b	y	p	ff	ff	f	t	2	f	g	4	1.0	0.0	0.0	0.0	1.0	0.0	0.0	0.0	0.0	0.0
462	28.17	0.125	0.085	216	2100	b	y	p	k	v	f	f	0	f	g	3	1.0	0.0	0.0	1.0	0.0	0.0	0.0	0.0	0.0	0.0
463	24.5	13.335	0.04	120	475	b	y	p	aa	v	f	f	0	t	g	3	1.0	0.0	0.0	1.0	0.0	0.0	0.0	0.0	0.0	0.0
464	18.83	3.54	0.0	180	1	b	y	p	ff	ff	f	f	0	t	g	7	0.682	0.0	0.0	0.003	0.0	0.316	0.0	0.682	0.0	0.0
465	47.25	0.75	2.75	333	892	a	u	g	q	h	t	t	1	f	g	6	0.511	0.0	0.489	0.0	0.0	0.0	0.511	0.0	0.0	0.0
466	24.17	0.875	4.625	520	2000	b	u	g	q	v	t	t	2	t	g	2	0.951	0.0	0.951	0.0	0.0	0.0	0.049	0.0	0.0	0.0
467	39.25	9.5	6.5	240	4607	b	u	g	m	v	t	t	14	f	g	6	0.997	0.0	0.003	0.0	0.0	0.0	0.997	0.0	0.0	0.0
468	20.5	11.835	6.0	340	0	a	u	g	c	h	t	f	0	f	g	1	0.998	0.998	0.0	0.002	0.0	0.0	0.0	0.0	0.0	0.0
469	18.83	4.415	3.0	240	0	a	y	p	c	h	t	f	0	f	g	5	0.998	0.0	0.0	0.002	0.0	0.998	0.0	0.0	0.0	0.0
470	19.17	9.5	1.5	120	2206	b	u	g	w	v	t	f	0	f	g	3	0.998	0.0	0.0	0.998	0.0	0.0	0.002	0.0	0.0	0.0
471	25.0	0.875	1.04	160	5860	a	u	g	x	h	t	f	0	t	g	3	0.997	0.0	0.0	0.997	0.0	0.0	0.003	0.0	0.0	0.0
472	20.17	9.25	1.665	40	28	b	u	g	c	v	t	t	3	t	g	2	0.995	0.0	0.995	0.0	0.0	0.0	0.004	0.0	0.0	0.0
473	25.75	0.5	1.46	312	0	b	u	g	c	v	t	t	5	t	g	1	0.564	0.564	0.436	0.0	0.0	0.0	0.0	0.0	0.0	0.0
474	20.42	7.0	1.625	200	1391	b	u	g	c	v	t	t	3	f	g	2	0.997	0.0	0.997	0.0	0.0	0.0	0.003	0.0	0.0	0.0
475	39.0	5.0	3.5	0	0	b	u	g	cc	v	t	t	10	t	g	8	0.998	0.0	0.0	0.0	0.002	0.0	0.0	0.0	0.998	0.0
476	64.08	0.165	0.0	232	100	a	u	g	ff	ff	t	t	1	f	g	7	1.0	0.0	0.0	0.0	0.0	0.0	0.0	1.0	0.0	0.0
477	28.25	5.125	4.75	420	7	b	u	g	x	v	t	t	2	f	g	2	0.731	0.0	0.731	0.0	0.0	0.0	0.269	0.0	0.0	0.0
478	28.75	3.75	1.085	371	0	a	u	g	c	v	t	t	1	t	g	2	0.892	0.107	0.892	0.0	0.0	0.0	0.0	0.0	0.0	0.0
479	31.33	19.5	7.0	0	5000	b	u	g	c	v	t	t	16	f	g	4	1.0	0.0	0.0	0.0	1.0	0.0	0.0	0.0	0.0	0.0
480	18.92	9.0	0.75	88	591	a	u	g	aa	v	t	t	2	f	g	2	1.0	0.0	1.0	0.0	0.0	0.0	0.0	0.0	0.0	0.0
481	24.75	3.0	1.835	0	500	a	u	g	q	h	t	t	19	f	g	4	1.0	0.0	0.0	0.0	1.0	0.0	0.0	0.0	0.0	0.0
482	30.67	12.0	2.0	220	19	a	u	g	c	v	t	t	1	f	g	2	0.994	0.0	0.994	0.0	0.0	0.0	0.006	0.0	0.0	0.0
483	21.0	4.79	2.25	80	300	b	y	p	w	v	t	t	1	t	g	9	0.999	0.0	0.0	0.0	0.0	0.0	0.0	0.0	0.0	0.999
484	13.75	4.0	1.75	120	1000	b	y	p	w	v	t	t	2	t	g	9	0.999	0.0	0.0	0.0	0.0	0.0	0.0	0.0	0.0	0.999
485	46.0	4.0	0.0	100	960	a	u	g	j	j	t	f	0	f	g	7	1.0	0.0	0.0	0.0	0.0	0.0	0.0	1.0	0.0	0.0
486	44.33	0.0	2.5	0	0	a	u	g	c	v	t	f	0	f	g	8	1.0	0.0	0.0	0.0	0.0	0.0	0.0	0.0	1.0	0.0
487	20.25	9.96	0.0	0	0	b	u	g	e	dd	t	f	0	f	g	8	0.99	0.0	0.0	0.0	0.0	0.0	0.0	0.01	0.99	0.0
488	22.67	2.54	2.585	0	0	b	y	p	c	h	t	f	0	f	g	8	0.996	0.0	0.0	0.0	0.004	0.0	0.0	0.0	0.996	0.0
489	60.92	5.0	4.0	0	99	a	u	g	aa	v	t	t	4	f	g	4	1.0	0.0	0.0	0.0	1.0	0.0	0.0	0.0	0.0	0.0
490	16.08	0.75	1.75	352	690	b	u	g	c	v	t	t	5	t	g	2	0.999	0.0	0.999	0.0	0.0	0.0	0.0	0.0	0.0	0.0
491	28.17	0.375	0.585	80	0	a	u	g	q	v	t	t	4	f	g	2	0.839	0.161	0.839	0.0	0.0	0.0	0.0	0.0	0.0	0.0
492	39.17	1.71	0.125	480	0	b	u	g	x	v	t	t	5	t	g	1	0.856	0.856	0.144	0.0	0.0	0.0	0.0	0.0	0.0	0.0
493	30.0	5.29	2.25	99	500	a	u	g	e	dd	t	t	5	t	g	2	0.957	0.0	0.957	0.0	0.0	0.0	0.043	0.0	0.0	0.0
494	22.83	3.0	1.29	260	800	b	u	g	m	v	t	t	1	f	g	2	0.996	0.0	0.996	0.0	0.0	0.0	0.004	0.0	0.0	0.0
495	22.5	8.5	1.75	80	990	a	u	g	q	v	t	t	10	f	g	2	0.999	0.0	0.999	0.0	0.0	0.0	0.0	0.0	0.0	0.0
496	28.58	1.665	2.415	440	0	a	u	g	q	v	t	f	0	t	g	1	0.999	0.999	0.0	0.0	0.0	0.0	0.0	0.0	0.0	0.0
497	45.17	1.5	2.5	140	0	b	u	g	c	v	t	f	0	t	g	1	0.999	0.999	0.0	0.0	0.0	0.0	0.0	0.0	0.0	0.0
498	41.58	1.75	0.21	160	0	b	u	g	k	v	t	f	0	f	g	1	0.997	0.997	0.0	0.003	0.0	0.0	0.0	0.0	0.0	0.0
499	57.08	0.335	1.0	252	2197	a	u	g	i	bb	t	f	0	t	g	3	0.999	0.0	0.0	0.999	0.0	0.0	0.0	0.0	0.0	0.0
500	55.75	7.08	6.75	100	50	a	u	g	k	h	t	t	3	t	g	6	0.999	0.0	0.001	0.0	0.0	0.0	0.999	0.0	0.0	0.0
501	43.25	25.21	0.21	760	90	b	u	g	q	h	t	t	1	f	g	2	0.999	0.0	0.999	0.0	0.0	0.0	0.0	0.0	0.0	0.0
502	25.33	2.085	2.75	360	1	a	u	g	c	h	t	f	0	t	g	1	0.995	0.995	0.0	0.005	0.0	0.0	0.0	0.0	0.0	0.0
503	24.58	0.67	1.75	400	0	a	u	g	aa	h	t	f	0	f	g	1	0.998	0.998	0.0	0.002	0.0	0.0	0.0	0.0	0.0	0.0
504	43.17	2.25	0.75	560	0	b	u	g	i	bb	t	f	0	f	g	1	0.999	0.999	0.0	0.0	0.0	0.0	0.0	0.0	0.0	0.0
505	40.92	0.835	0.0	130	1	b	u	g	ff	ff	t	f	0	f	g	7	0.999	0.0	0.0	0.0	0.0	0.0	0.0	0.999	0.0	0.0
506	31.83	2.5	7.5	523	0	b	u	g	aa	v	t	f	0	t	g	1	0.999	0.999	0.0	0.0	0.0	0.0	0.0	0.0	0.0	0.0
507	33.92	1.585	0.0	320	0	a	y	p	ff	ff	t	f	0	f	g	7	0.916	0.0	0.0	0.0	0.0	0.084	0.0	0.916	0.0	0.0
508	24.92	1.25	0.0	80	0	a	u	g	ff	ff	t	f	0	f	g	7	0.999	0.0	0.0	0.0	0.0	0.0	0.0	0.999	0.0	0.0
509	35.25	3.165	3.75	680	0	b	u	g	x	h	t	f	0	t	g	1	0.994	0.994	0.0	0.0	0.0	0.0	0.006	0.0	0.0	0.0
510	34.25	1.75	0.25	163	0	b	u	g	w	bb	t	f	0	t	g	1	0.998	0.998	0.0	0.002	0.0	0.0	0.0	0.0	0.0	0.0
511	19.42	1.5	2.0	100	20	b	y	p	cc	v	t	f	0	t	g	3	0.999	0.0	0.0	0.999	0.0	0.0	0.0	0.0	0.0	0.0
512	42.75	3.0	1.0	0	200	b	u	g	i	bb	t	f	0	f	g	4	1.0	0.0	0.0	0.0	1.0	0.0	0.0	0.0	0.0	0.0
513	19.67	10.0	0.835	140	0	b	y	p	k	h	t	f	0	t	g	5	0.998	0.0	0.0	0.002	0.0	0.998	0.0	0.0	0.0	0.0
514	36.33	3.79	1.165	200	0	b	u	g	w	v	t	f	0	t	g	1	0.998	0.998	0.0	0.002	0.0	0.0	0.0	0.0	0.0	0.0
515	30.08	1.04	0.5	132	28	b	y	p	i	bb	t	t	10	t	g	9	1.0	0.0	0.0	0.0	0.0	0.0	0.0	0.0	0.0	1.0
516	44.25	11.0	1.5	0	0	b	y	p	d	v	t	f	0	f	s	8	0.999	0.0	0.0	0.0	0.0	0.0	0.0	0.0	0.999	0.0
517	23.58	0.46	2.625	208	347	b	y	p	w	v	t	t	6	t	g	9	0.999	0.0	0.0	0.0	0.0	0.0	0.0	0.0	0.0	0.999
518	23.92	1.5	1.875	200	327	b	u	g	d	h	t	t	6	f	g	6	0.88	0.0	0.12	0.0	0.0	0.0	0.88	0.0	0.0	0.0
519	33.17	1.0	0.75	340	4071	b	u	g	x	v	t	t	7	t	g	2	0.995	0.0	0.995	0.0	0.0	0.0	0.005	0.0	0.0	0.0
520	48.33	12.0	16.0	110	0	b	u	g	m	v	t	f	0	f	s	1	0.999	0.999	0.0	0.0	0.0	0.0	0.0	0.0	0.0	0.0
521	76.75	22.29	12.75	0	109	b	u	g	e	z	t	t	1	t	g	4	1.0	0.0	0.0	0.0	1.0	0.0	0.0	0.0	0.0	0.0
522	51.33	10.0	0.0	0	1249	b	u	g	i	bb	t	t	11	f	g	4	1.0	0.0	0.0	0.0	1.0	0.0	0.0	0.0	0.0	0.0
523	34.75	15.0	5.375	0	134	b	u	g	r	n	t	t	9	t	g	4	1.0	0.0	0.0	0.0	1.0	0.0	0.0	0.0	0.0	0.0
524	38.58	3.335	4.0	383	1344	b	u	g	w	v	t	t	14	f	g	6	0.983	0.0	0.017	0.0	0.0	0.0	0.983	0.0	0.0	0.0
525	22.42	11.25	0.75	0	321	a	y	p	x	h	t	t	4	f	g	4	1.0	0.0	0.0	0.0	1.0	0.0	0.0	0.0	0.0	0.0
526	41.92	0.42	0.21	220	948	b	u	g	c	h	t	t	6	f	g	2	0.999	0.0	0.999	0.0	0.0	0.0	0.0	0.0	0.0	0.0
527	29.58	4.5	7.5	330	0	b	u	g	w	v	t	t	2	t	g	2	0.429	0.277	0.429	0.0	0.0	0.0	0.294	0.0	0.0	0.0
528	32.17	1.46	1.085	120	2079	a	u	g	w	v	t	t	16	f	g	2	0.985	0.0	0.985	0.0	0.0	0.0	0.015	0.0	0.0	0.0
529	51.42	0.04	0.04	0	3000	b	u	g	x	h	t	f	0	f	g	4	1.0	0.0	0.0	0.0	1.0	0.0	0.0	0.0	0.0	0.0
530	22.83	2.29	2.29	140	2384	a	u	g	q	h	t	t	7	t	g	2	0.932	0.0	0.932	0.0	0.0	0.0	0.068	0.0	0.0	0.0
531	25.0	12.33	3.5	400	458	a	u	g	cc	h	t	t	6	f	g	6	0.936	0.0	0.064	0.0	0.0	0.0	0.936	0.0	0.0	0.0
532	26.75	1.125	1.25	0	5298	b	u	g	x	h	t	f	0	f	g	4	1.0	0.0	0.0	0.0	1.0	0.0	0.0	0.0	0.0	0.0
533	23.33	1.5	1.415	422	200	b	u	g	c	h	t	f	0	f	g	3	0.998	0.0	0.0	0.998	0.0	0.0	0.002	0.0	0.0	0.0
534	24.42	12.335	1.585	120	0	b	u	g	q	h	t	f	0	t	g	1	0.999	0.999	0.0	0.001	0.0	0.0	0.0	0.0	0.0	0.0
535	42.17	5.04	12.75	92	0	b	u	g	q	h	t	f	0	t	g	1	0.982	0.982	0.0	0.0	0.0	0.0	0.018	0.0	0.0	0.0
536	20.83	3.0	0.04	100	0	a	u	g	aa	v	t	f	0	f	g	1	0.992	0.992	0.0	0.008	0.0	0.0	0.0	0.0	0.0	0.0
537	23.08	11.5	2.125	290	284	b	u	g	w	h	t	t	11	t	g	2	0.88	0.0	0.88	0.0	0.0	0.0	0.12	0.0	0.0	0.0
538	25.17	2.875	0.875	360	0	a	u	g	x	h	t	f	0	f	g	1	0.997	0.997	0.0	0.003	0.0	0.0	0.0	0.0	0.0	0.0
539	43.08	0.375	0.375	300	162	b	y	p	c	v	t	t	8	t	g	9	1.0	0.0	0.0	0.0	0.0	0.0	0.0	0.0	0.0	1.0
540	35.75	0.915	0.75	0	1583	a	u	g	aa	v	t	t	4	f	g	4	1.0	0.0	0.0	0.0	1.0	0.0	0.0	0.0	0.0	0.0
541	59.5	2.75	1.75	60	58	b	u	g	w	v	t	t	5	t	g	6	0.891	0.0	0.109	0.0	0.0	0.0	0.891	0.0	0.0	0.0
542	21.0	3.0	1.085	160	1	b	y	p	d	v	t	t	8	t	g	9	0.999	0.0	0.0	0.0	0.0	0.0	0.0	0.0	0.0	0.999
543	21.92	0.54	0.04	840	59	b	y	p	x	v	t	t	1	t	g	9	1.0	0.0	0.0	0.0	0.0	0.0	0.0	0.0	0.0	1.0
544	65.17	14.0	0.0	0	1400	a	u	g	ff	ff	t	t	11	t	g	7	0.572	0.0	0.0	0.0	0.428	0.0	0.0	0.572	0.0	0.0
545	20.33	10.0	1.0	50	1465	a	u	g	c	h	t	t	4	f	g	2	0.999	0.0	0.999	0.0	0.0	0.0	0.0	0.0	0.0	0.0
546	32.25	0.165	3.25	432	8000	b	y	p	c	h	t	t	1	t	g	9	1.0	0.0	0.0	0.0	0.0	0.0	0.0	0.0	0.0	1.0
547	30.17	0.5	1.75	32	540	b	u	g	c	v	t	t	11	f	g	2	0.997	0.0	0.997	0.0	0.0	0.0	0.003	0.0	0.0	0.0
548	25.17	6.0	1.0	0	0	b	u	g	c	v	t	t	3	f	g	8	0.995	0.0	0.0	0.0	0.005	0.0	0.0	0.0	0.995	0.0
549	39.17	1.625	1.5	186	4700	b	u	g	c	v	t	t	10	f	g	2	0.996	0.0	0.996	0.0	0.0	0.0	0.004	0.0	0.0	0.0
550	39.08	6.0	1.29	108	1097	b	u	g	m	v	t	t	5	t	g	2	0.732	0.0	0.732	0.0	0.0	0.0	0.268	0.0	0.0	0.0
551	31.67	0.83	1.335	303	3290	b	u	g	x	v	t	t	8	t	g	2	0.903	0.0	0.903	0.0	0.0	0.0	0.096	0.0	0.0	0.0
552	41.0	0.04	0.04	560	0	b	u	g	e	v	f	t	1	f	s	1	0.999	0.999	0.0	0.0	0.0	0.0	0.0	0.0	0.0	0.0
553	48.5	4.25	0.125	225	0	b	u	g	m	v	t	f	0	t	g	1	1.0	1.0	0.0	0.0	0.0	0.0	0.0	0.0	0.0	0.0
554	32.67	9.0	5.25	154	0	b	y	p	w	h	t	f	0	t	g	5	0.998	0.0	0.0	0.002	0.0	0.998	0.0	0.0	0.0	0.0
555	28.08	15.0	0.0	0	13212	a	y	p	e	z	t	f	0	f	g	7	0.82	0.0	0.0	0.0	0.18	0.0	0.0	0.82	0.0	0.0
556	73.42	17.75	0.0	0	0	b	u	g	ff	ff	t	f	0	t	g	7	0.996	0.0	0.0	0.0	0.003	0.0	0.0	0.996	0.001	0.0
557	64.08	20.0	17.5	0	1000	b	u	g	x	h	t	t	9	t	g	4	1.0	0.0	0.0	0.0	1.0	0.0	0.0	0.0	0.0	0.0
558	51.58	15.0	8.5	0	0	b	u	g	c	v	t	t	9	f	g	8	0.976	0.0	0.0	0.0	0.024	0.0	0.0	0.0	0.976	0.0
559	26.67	1.75	1.0	160	5777	b	y	p	c	v	t	t	5	t	g	9	0.999	0.0	0.0	0.0	0.0	0.0	0.0	0.0	0.0	0.999
560	25.33	0.58	0.29	96	5124	b	u	g	c	v	t	t	7	t	g	2	0.999	0.0	0.999	0.0	0.0	0.0	0.0	0.0	0.0	0.0
561	30.17	6.5	3.125	330	1200	b	u	g	cc	v	t	t	8	f	g	6	0.969	0.0	0.031	0.0	0.0	0.0	0.969	0.0	0.0	0.0
562	27.0	0.75	4.25	312	150	b	u	g	c	h	t	t	3	t	g	2	0.942	0.0	0.942	0.0	0.0	0.0	0.057	0.0	0.0	0.0
563	34.17	5.25	0.085	290	6	b	u	g	w	v	f	f	0	t	g	3	1.0	0.0	0.0	1.0	0.0	0.0	0.0	0.0	0.0	0.0
564	38.67	0.21	0.085	280	0	b	u	g	k	v	t	f	0	t	g	1	0.998	0.998	0.0	0.002	0.0	0.0	0.0	0.0	0.0	0.0
565	25.75	0.75	0.25	349	23	b	u	g	c	bb	t	f	0	f	g	3	1.0	0.0	0.0	1.0	0.0	0.0	0.0	0.0	0.0	0.0
566	46.08	3.0	2.375	396	4159	a	u	g	c	v	t	t	8	t	g	6	0.936	0.0	0.064	0.0	0.0	0.0	0.936	0.0	0.0	0.0
567	21.5	6.0	2.5	80	918	a	u	g	aa	v	t	t	3	f	g	2	0.999	0.0	0.999	0.0	0.0	0.0	0.0	0.0	0.0	0.0
568	20.5	2.415	2.0	200	3000	b	u	g	c	v	t	t	11	t	g	2	0.997	0.0	0.997	0.0	0.0	0.0	0.003	0.0	0.0	0.0
569	29.5	0.46	0.54	380	500	a	u	g	k	v	t	t	4	f	g	2	0.999	0.0	0.999	0.0	0.0	0.0	0.0	0.0	0.0	0.0
570	29.83	1.25	0.25	224	0	b	y	p	k	v	f	f	0	f	g	5	0.996	0.0	0.0	0.004	0.0	0.996	0.0	0.0	0.0	0.0
571	20.08	0.25	0.125	200	0	b	u	g	q	v	f	f	0	f	g	1	0.99	0.99	0.0	0.01	0.0	0.0	0.0	0.0	0.0	0.0
572	23.42	0.585	0.085	180	0	b	u	g	c	h	t	f	0	f	g	1	0.995	0.995	0.0	0.005	0.0	0.0	0.0	0.0	0.0	0.0
573	29.58	1.75	1.25	280	0	a	y	p	k	v	f	f	0	t	g	5	0.997	0.0	0.0	0.003	0.0	0.997	0.0	0.0	0.0	0.0
574	16.17	0.04	0.04	0	0	b	u	g	c	v	f	f	0	f	g	8	1.0	0.0	0.0	0.0	0.0	0.0	0.0	0.0	1.0	0.0
575	32.33	3.5	0.5	232	0	b	u	g	k	v	f	f	0	t	g	1	0.996	0.996	0.0	0.004	0.0	0.0	0.0	0.0	0.0	0.0
576	47.83	4.165	0.085	520	0	b	u	g	x	bb	f	f	0	t	g	1	0.998	0.998	0.0	0.002	0.0	0.0	0.0	0.0	0.0	0.0
577	20.0	1.25	0.125	140	4	b	y	p	k	v	f	f	0	f	g	3	1.0	0.0	0.0	1.0	0.0	0.0	0.0	0.0	0.0	0.0
578	27.58	3.25	5.085	369	1	b	y	p	q	h	f	t	2	t	g	9	0.999	0.0	0.0	0.0	0.0	0.0	0.0	0.0	0.0	0.999
579	22.0	0.79	0.29	420	283	b	u	g	w	v	f	t	1	f	g	2	0.999	0.0	0.999	0.0	0.0	0.0	0.0	0.0	0.0	0.0
580	19.33	10.915	0.585	200	7	b	u	g	c	bb	f	t	2	t	g	2	0.999	0.0	0.999	0.0	0.0	0.0	0.0	0.0	0.0	0.0
581	38.33	4.415	0.125	160	0	a	u	g	c	v	f	f	0	f	g	1	0.992	0.992	0.0	0.008	0.0	0.0	0.0	0.0	0.0	0.0
582	29.42	1.25	0.25	400	108	b	u	g	c	h	f	t	2	t	g	2	0.999	0.0	0.999	0.0	0.0	0.0	0.0	0.0	0.0	0.0
583	22.67	0.75	1.585	400	9	b	u	g	i	v	f	t	1	t	g	2	0.999	0.0	0.999	0.0	0.0	0.0	0.0	0.0	0.0	0.0
584	32.25	14.0	0.0	160	1	b	y	p	ff	ff	f	t	2	f	g	7	0.999	0.0	0.0	0.0	0.0	0.0	0.0	0.999	0.0	0.0
585	29.58	4.75	2.0	460	68	b	u	g	m	v	f	t	1	t	g	2	0.977	0.0	0.977	0.0	0.0	0.0	0.023	0.0	0.0	0.0
586	18.42	10.415	0.125	120	375	b	y	p	aa	v	t	f	0	f	g	3	1.0	0.0	0.0	1.0	0.0	0.0	0.0	0.0	0.0	0.0
587	22.17	2.25	0.125	160	10	b	u	g	i	v	f	f	0	f	g	3	1.0	0.0	0.0	1.0	0.0	0.0	0.0	0.0	0.0	0.0
588	22.67	0.165	2.25	0	0	b	u	g	c	j	f	f	0	t	s	8	1.0	0.0	0.0	0.0	0.0	0.0	0.0	0.0	1.0	0.0
589	18.83	0.0	0.665	160	1	b	u	g	q	v	f	f	0	f	g	1	0.956	0.956	0.0	0.044	0.0	0.0	0.0	0.0	0.0	0.0
590	21.58	0.79	0.665	160	0	b	y	p	cc	v	f	f	0	f	g	5	0.998	0.0	0.0	0.002	0.0	0.998	0.0	0.0	0.0	0.0
591	23.75	12.0	2.085	80	0	b	u	g	c	v	f	f	0	f	s	1	0.999	0.999	0.0	0.0	0.0	0.0	0.0	0.0	0.0	0.0
592	36.08	2.54	0.0	0	1000	b	u	g	ff	ff	f	f	0	f	g	7	0.997	0.0	0.0	0.0	0.003	0.0	0.0	0.997	0.0	0.0
593	29.25	13.0	0.5	228	0	b	u	g	d	h	f	f	0	f	g	1	0.995	0.995	0.0	0.005	0.0	0.0	0.0	0.0	0.0	0.0
594	19.58	0.665	1.665	220	5	a	u	g	w	v	f	f	0	f	g	3	1.0	0.0	0.0	1.0	0.0	0.0	0.0	0.0	0.0	0.0
595	22.92	1.25	0.25	120	809	a	u	g	q	v	f	f	0	t	g	3	1.0	0.0	0.0	1.0	0.0	0.0	0.0	0.0	0.0	0.0
596	27.25	0.29	0.125	272	108	a	u	g	m	h	f	t	1	t	g	2	1.0	0.0	1.0	0.0	0.0	0.0	0.0	0.0	0.0	0.0
597	38.75	1.5	0.0	76	0	a	u	g	ff	ff	f	f	0	f	g	7	0.999	0.0	0.0	0.0	0.0	0.0	0.0	0.999	0.0	0.0
598	32.42	2.165	0.0	120	0	b	y	p	k	ff	f	f	0	f	g	5	0.961	0.0	0.0	0.001	0.0	0.961	0.0	0.038	0.0	0.0
599	23.75	0.71	0.25	240	4	a	u	g	w	v	f	t	1	t	g	2	0.999	0.0	0.999	0.0	0.0	0.0	0.0	0.0	0.0	0.0
600	18.17	2.46	0.96	160	587	b	u	g	c	n	f	t	2	t	g	2	0.999	0.0	0.999	0.0	0.0	0.0	0.0	0.0	0.0	0.0
601	40.92	0.5	0.5	130	0	b	y	p	m	v	f	f	0	t	g	5	0.999	0.0	0.0	0.0	0.0	0.999	0.0	0.0	0.0	0.0
602	19.5	9.585	0.79	80	350	b	u	g	aa	v	f	f	0	f	g	3	1.0	0.0	0.0	1.0	0.0	0.0	0.0	0.0	0.0	0.0
603	28.58	3.625	0.25	100	0	b	u	g	aa	v	f	f	0	t	g	1	0.995	0.995	0.0	0.005	0.0	0.0	0.0	0.0	0.0	0.0
604	35.58	0.75	1.5	231	0	b	u	g	k	v	f	f	0	t	g	1	0.997	0.997	0.0	0.003	0.0	0.0	0.0	0.0	0.0	0.0
605	34.17	2.75	2.5	232	200	b	u	g	i	bb	f	f	0	t	g	3	0.999	0.0	0.0	0.999	0.0	0.0	0.0	0.0	0.0	0.0
606	31.58	0.75	3.5	320	0	b	y	p	aa	v	f	f	0	t	g	5	0.999	0.0	0.0	0.001	0.0	0.999	0.0	0.0	0.0	0.0
607	52.5	7.0	3.0	0	0	a	u	g	aa	h	f	f	0	f	g	8	0.995	0.0	0.0	0.0	0.005	0.0	0.0	0.0	0.995	0.0
608	36.17	0.42	0.29	309	2	b	y	p	w	v	f	f	0	t	g	3	0.703	0.0	0.0	0.703	0.0	0.297	0.0	0.0	0.0	0.0
609	37.33	2.665	0.165	0	501	b	u	g	cc	v	f	f	0	t	g	4	1.0	0.0	0.0	0.0	1.0	0.0	0.0	0.0	0.0	0.0
610	20.83	8.5	0.165	0	351	a	u	g	c	v	f	f	0	f	g	4	1.0	0.0	0.0	0.0	1.0	0.0	0.0	0.0	0.0	0.0
611	24.08	9.0	0.25	0	0	b	u	g	aa	v	f	f	0	t	g	8	0.999	0.0	0.0	0.0	0.0	0.0	0.0	0.0	0.999	0.0
612	25.58	0.335	3.5	340	0	b	u	g	k	h	f	f	0	t	g	1	0.997	0.997	0.0	0.003	0.0	0.0	0.0	0.0	0.0	0.0
613	35.17	3.75	0.0	0	200	a	u	g	ff	ff	f	t	6	f	g	7	0.987	0.0	0.0	0.0	0.013	0.0	0.0	0.987	0.0	0.0
614	48.08	3.75	1.0	100	2	b	u	g	i	bb	f	f	0	f	g	3	0.715	0.284	0.0	0.715	0.0	0.0	0.0	0.0	0.0	0.0
615	15.83	7.625	0.125	0	160	a	u	g	q	v	f	t	1	t	g	4	1.0	0.0	0.0	0.0	1.0	0.0	0.0	0.0	0.0	0.0
616	22.5	0.415	0.335	144	0	a	u	g	i	v	f	f	0	t	s	1	0.999	0.999	0.0	0.0	0.0	0.0	0.0	0.0	0.0	0.0
617	21.5	11.5	0.5	100	68	b	u	g	i	v	t	f	0	t	g	3	1.0	0.0	0.0	1.0	0.0	0.0	0.0	0.0	0.0	0.0
618	23.58	0.83	0.415	200	11	a	u	g	q	v	f	t	1	t	g	2	1.0	0.0	1.0	0.0	0.0	0.0	0.0	0.0	0.0	0.0
619	21.08	5.0	0.0	0	0	a	y	p	ff	ff	f	f	0	f	g	7	0.999	0.0	0.0	0.0	0.0	0.0	0.0	0.999	0.0	0.0
620	25.67	3.25	2.29	416	21	b	u	g	c	h	f	t	1	t	g	2	0.994	0.0	0.994	0.0	0.0	0.0	0.006	0.0	0.0	0.0
621	38.92	1.665	0.25	0	390	a	u	g	aa	v	f	f	0	f	g	4	1.0	0.0	0.0	0.0	1.0	0.0	0.0	0.0	0.0	0.0
622	15.75	0.375	1.0	120	18	a	u	g	c	v	f	f	0	f	g	3	1.0	0.0	0.0	1.0	0.0	0.0	0.0	0.0	0.0	0.0
623	28.58	3.75	0.25	40	154	a	u	g	c	v	f	t	1	t	g	2	1.0	0.0	1.0	0.0	0.0	0.0	0.0	0.0	0.0	0.0
624	22.25	9.0	0.085	0	0	b	u	g	aa	v	f	f	0	f	g	8	0.999	0.0	0.0	0.0	0.0	0.0	0.0	0.0	0.999	0.0
625	29.83	3.5	0.165	216	0	b	u	g	c	v	f	f	0	f	g	1	0.993	0.993	0.0	0.007	0.0	0.0	0.0	0.0	0.0	0.0
626	23.5	1.5	0.875	160	0	a	u	g	w	v	f	f	0	t	g	1	0.989	0.989	0.0	0.011	0.0	0.0	0.0	0.0	0.0	0.0
627	32.08	4.0	1.5	120	0	b	y	p	cc	v	f	f	0	t	g	5	0.999	0.0	0.0	0.001	0.0	0.999	0.0	0.0	0.0	0.0
628	31.08	1.5	0.04	160	0	b	y	p	w	v	f	f	0	f	s	5	0.999	0.0	0.0	0.0	0.0	0.999	0.0	0.0	0.0	0.0
629	31.83	0.04	0.04	0	0	b	y	p	m	v	f	f	0	f	g	8	1.0	0.0	0.0	0.0	0.0	0.0	0.0	0.0	1.0	0.0
630	21.75	11.75	0.25	180	0	a	u	g	c	v	f	f	0	t	g	1	0.994	0.994	0.0	0.006	0.0	0.0	0.0	0.0	0.0	0.0
631	17.92	0.54	1.75	80	5	a	u	g	c	v	f	t	1	t	g	2	1.0	0.0	1.0	0.0	0.0	0.0	0.0	0.0	0.0	0.0
632	30.33	0.5	0.085	252	0	b	u	g	d	h	f	f	0	t	s	1	0.999	0.999	0.0	0.0	0.0	0.0	0.0	0.0	0.0	0.0
633	51.83	2.04	1.5	120	1	b	y	p	ff	ff	f	f	0	f	g	5	0.989	0.0	0.0	0.011	0.0	0.989	0.0	0.0	0.0	0.0
634	47.17	5.835	5.5	465	150	b	u	g	w	v	f	f	0	f	g	3	0.951	0.0	0.0	0.951	0.0	0.0	0.049	0.0	0.0	0.0
635	25.83	12.835	0.5	0	2	b	u	g	cc	v	f	f	0	f	g	8	0.868	0.0	0.0	0.0	0.132	0.0	0.0	0.0	0.868	0.0
636	50.25	0.835	0.5	240	117	a	u	g	aa	v	f	f	0	t	g	3	1.0	0.0	0.0	1.0	0.0	0.0	0.0	0.0	0.0	0.0
637	37.33	2.5	0.21	260	246	a	u	g	i	h	f	f	0	f	g	3	1.0	0.0	0.0	1.0	0.0	0.0	0.0	0.0	0.0	0.0
638	41.58	1.04	0.665	240	237	a	u	g	aa	v	f	f	0	f	g	3	1.0	0.0	0.0	1.0	0.0	0.0	0.0	0.0	0.0	0.0
639	30.58	10.665	0.085	129	3	a	u	g	q	h	f	t	12	t	g	2	0.999	0.0	0.999	0.0	0.0	0.0	0.0	0.0	0.0	0.0
640	19.42	7.25	0.04	100	1	b	u	g	m	v	f	t	1	f	g	2	0.799	0.201	0.799	0.0	0.0	0.0	0.0	0.0	0.0	0.0
641	17.92	10.21	0.0	0	50	a	u	g	ff	ff	f	f	0	f	g	7	0.999	0.0	0.0	0.0	0.0	0.0	0.0	0.999	0.0	0.0
642	20.08	1.25	0.0	0	0	a	u	g	c	v	f	f	0	f	g	8	0.999	0.0	0.0	0.0	0.0	0.0	0.0	0.0	0.999	0.0
643	19.5	0.29	0.29	280	364	b	u	g	k	v	f	f	0	f	g	3	1.0	0.0	0.0	1.0	0.0	0.0	0.0	0.0	0.0	0.0
644	27.83	1.0	3.0	176	537	b	y	p	d	h	f	f	0	f	g	3	1.0	0.0	0.0	1.0	0.0	0.0	0.0	0.0	0.0	0.0
645	17.08	3.29	0.335	140	2	b	u	g	i	v	f	f	0	t	g	3	0.86	0.14	0.0	0.86	0.0	0.0	0.0	0.0	0.0	0.0
646	36.42	0.75	0.585	240	3	b	y	p	d	v	f	f	0	f	g	3	0.999	0.0	0.0	0.999	0.0	0.0	0.0	0.0	0.0	0.0
647	40.58	3.29	3.5	400	0	b	u	g	m	v	f	f	0	t	s	1	1.0	1.0	0.0	0.0	0.0	0.0	0.0	0.0	0.0	0.0
648	21.08	10.085	1.25	260	0	b	y	p	e	h	f	f	0	f	g	5	0.999	0.0	0.0	0.0	0.0	0.999	0.0	0.0	0.0	0.0
649	22.67	0.75	2.0	200	394	a	u	g	c	v	f	t	2	t	g	2	0.999	0.0	0.999	0.0	0.0	0.0	0.0	0.0	0.0	0.0
650	25.25	13.5	2.0	200	1	a	y	p	ff	ff	f	t	1	t	g	9	0.993	0.0	0.0	0.0	0.0	0.007	0.0	0.0	0.0	0.993
651	17.92	0.205	0.04	280	750	b	u	g	aa	v	f	f	0	f	g	3	1.0	0.0	0.0	1.0	0.0	0.0	0.0	0.0	0.0	0.0
652	35.0	3.375	8.29	0	0	b	u	g	c	h	f	f	0	t	g	8	0.999	0.0	0.0	0.0	0.001	0.0	0.0	0.0	0.999	0.0
